floor,floorId,icon,location,name,poiId,unit
B1,3fdb74a7-a8be-465d-a849-d51253a1afb6,poi/11947654/icon/47c01ae43e5f41b28bab99ca158d9b92.png,"{'lat': 1.3602977883868828, 'lon': 103.98920000505034}",ALDO,11947654,B1-252-253
B1,3fdb74a7-a8be-465d-a849-d51253a1afb6,poi/11886094/icon/47e43bc190004607ace4043940c685bc.jpg,"{'lat': 1.3602378383492157, 'lon': 103.98917868536896}",BLACK BY BLUE BRAVE,11886094,B1-251
B1,3fdb74a7-a8be-465d-a849-d51253a1afb6,poi/11985080/icon/b9c4fd46a2754135940811ba03f30426.png,"{'lat': 1.359657414777494, 'lon': 103.98953587691021}",DON DON DONKI,11985080,B1-225-227
B1,3fdb74a7-a8be-465d-a849-d51253a1afb6,poi/11987607/icon/4b2abf9cc0e246b790f1c3222aea86f4.png,"{'lat': 1.3598069068864167, 'lon': 103.98945020703283}",DON DON DONKI FOOD COURT,11987607,B1-228
B1,3fdb74a7-a8be-465d-a849-d51253a1afb6,,"{'lat': 1.3604632702266208, 'lon': 103.98959727661122}",Escalator,218c571f-9caf-4c70-8dc8-039c37078aa4,
B1,3fdb74a7-a8be-465d-a849-d51253a1afb6,,"{'lat': 1.359740289991927, 'lon': 103.98913954740918}",Female Restroom,2bc6b741-1823-4722-b7bc-d6dd4dfdac4c,
B1,3fdb74a7-a8be-465d-a849-d51253a1afb6,poi/11886363/icon/04a333087b6c40639bd8fd52c9755491.jpg,"{'lat': 1.3600745172752655, 'lon': 103.98995803907528}",GOCHI-SO SHOKUDO,11886363,
B1,3fdb74a7-a8be-465d-a849-d51253a1afb6,poi/12022433/icon/924b3ddfa56d45dda8b0e84e57fd8b92.jpeg,"{'lat': 1.360138217636378, 'lon': 103.98926403714005}",GOELIA,12022433,B1-250
B1,3fdb74a7-a8be-465d-a849-d51253a1afb6,poi/11981124/icon/76c83009fda24859869b3a5fadde3b9f.png,"{'lat': 1.3598184316610493, 'lon': 103.99001987303393}",GREENDOT PLUS,11981124,B1-297
B1,3fdb74a7-a8be-465d-a849-d51253a1afb6,poi/11980780/icon/3496e9991b6e47aa9dabcc6229ef2f38.png,"{'lat': 1.359701746813697, 'lon': 103.99004857047399}",HOOGA,11980780,B1-217-218
B1,3fdb74a7-a8be-465d-a849-d51253a1afb6,poi/11981103/icon/4414bd1618124341a01347f41c14e207.png,"{'lat': 1.3600865896677654, 'lon': 103.98941253866879}",HOSHINO COFFEE JAPANESE CAFÉ & RESTAURANT,11981103,
B1,3fdb74a7-a8be-465d-a849-d51253a1afb6,poi/11980799/icon/e35bbdc60d5840269644c9fa70ac985d.jpg,"{'lat': 1.3599889643470244, 'lon': 103.9893726499879}",HURLEY,11980799,
B1,3fdb74a7-a8be-465d-a849-d51253a1afb6,poi/11886105/icon/21c10458b01246b9a4b2c90441cacb6e.png,"{'lat': 1.3604484388966431, 'lon': 103.98936460031162}",I'M IN,11886105,B1-239
B1,3fdb74a7-a8be-465d-a849-d51253a1afb6,poi/11886366/icon/ccca6dbc6eaa472586761f48b6fecefd.jpg,"{'lat': 1.3602217605027738, 'lon': 103.98945634795386}",JINJJA CHICKEN,11886366,B1-247
B1,3fdb74a7-a8be-465d-a849-d51253a1afb6,poi/11886106/icon/d76f663b9a10497093e7132840620beb.jpg,"{'lat': 1.3602338400683405, 'lon': 103.98991629880868}",LENSKART,11886106,B1-201
B1,3fdb74a7-a8be-465d-a849-d51253a1afb6,poi/11886108/icon/7a046a00a8a24d0a9fd9926e39989ca2.png,"{'lat': 1.3604047355376954, 'lon': 103.98949191405967}",LOVISA,11886108,B1-241
B1,3fdb74a7-a8be-465d-a849-d51253a1afb6,,"{'lat': 1.359763071288287, 'lon': 103.98908285044757}",Male Restroom,bad74f41-77a5-49ca-b54e-f5d477c56bd5,
B1,3fdb74a7-a8be-465d-a849-d51253a1afb6,poi/11886110/icon/bca2c179ce034591a671747d1ef163c0.jpg,"{'lat': 1.3603826811694992, 'lon': 103.98924915939907}",MARHEN J & SIFT & PICK,11886110,B1-254-255
B1,3fdb74a7-a8be-465d-a849-d51253a1afb6,poi/11981114/icon/ca72e7ebb46446ac936df86c2e93b4e3.png,"{'lat': 1.3599041387499997, 'lon': 103.98986580833808}",McDonald's,11981114,
B1,3fdb74a7-a8be-465d-a849-d51253a1afb6,poi/11981739/icon/a3e20e01bc184a7498b03c365e177ca5.png,"{'lat': 1.3598110526646372, 'lon': 103.98979270749923}",MINISO,11981739,
B1,3fdb74a7-a8be-465d-a849-d51253a1afb6,poi/11886114/icon/e135e1e93f0142d4bb72d6bfecce6d6f.png,"{'lat': 1.360378313110187, 'lon': 103.98956486727077}",OWNDAYS,11886114,B1-242
B1,3fdb74a7-a8be-465d-a849-d51253a1afb6,poi/11980791/icon/670c79565bac4cd49eeb604b37042e5a.png,"{'lat': 1.3599256927539185, 'lon': 103.9895091695595}",PAUL BAKERY & RESTAURANT,11980791,
B1,3fdb74a7-a8be-465d-a849-d51253a1afb6,poi/11886116/icon/79b4e19d54b54e2082fb9e11f8da2342.jpg,"{'lat': 1.3603377153444194, 'lon': 103.98939206090739}",PEDRO,11886116,B1-257
B1,3fdb74a7-a8be-465d-a849-d51253a1afb6,poi/11980249/icon/0a24f336788c4ae391a3afac24c15b25.jpg,"{'lat': 1.3598454995669271, 'lon': 103.98968588041453}",SAMPANMAN,11980249,
B1,3fdb74a7-a8be-465d-a849-d51253a1afb6,poi/11886372/icon/a3a2b914d04344459700543e68be7e5e.jpeg,"{'lat': 1.3600170838841863, 'lon': 103.98994888666444}",SHIKI HOTOTOGISU RAMEN,11886372,B1-300
B1,3fdb74a7-a8be-465d-a849-d51253a1afb6,poi/11886119/icon/4ba5b316a6fc43eeb0dad4f320aac9eb.png,"{'lat': 1.3602597977833633, 'lon': 103.98985780775273}",SK JEWELLERY,11886119,B1-200
B1,3fdb74a7-a8be-465d-a849-d51253a1afb6,poi/11886096/icon/fe7c71173f974beab2f7a6f95c6923c0.png,"{'lat': 1.360203626582649, 'lon': 103.98998102121146}",SMIGGLE,11886096,B1-202-204
B1,3fdb74a7-a8be-465d-a849-d51253a1afb6,poi/11886371/icon/94f6c0e3057d48bcb8c08356d8bc041c.jpg,"{'lat': 1.3601596381111078, 'lon': 103.98942504296149}",SO PHO,11886371,B1-248
B1,3fdb74a7-a8be-465d-a849-d51253a1afb6,poi/11980796/icon/2df609e66ef04099a163fd62d593a6ec.jpg,"{'lat': 1.3599633017100359, 'lon': 103.9894332300837}",SUN PARADISE,11980796,
B1,3fdb74a7-a8be-465d-a849-d51253a1afb6,poi/11886121/icon/993e939c58284069823f65fb253432d0.jpg,"{'lat': 1.3601363275804486, 'lon': 103.99011882938737}",THE MINERAL BOUTIQUE,11886121,B1-205-207
B1,3fdb74a7-a8be-465d-a849-d51253a1afb6,poi/11886122/icon/1da04810126544298131ca256d9d93b0.png,"{'lat': 1.3604248209348662, 'lon': 103.98943497211418}",THE SHIRT BAR,11886122,B1-240
B1,3fdb74a7-a8be-465d-a849-d51253a1afb6,poi/11886123/icon/32e0728c3d3f496599c4503ca795f945.jpg,"{'lat': 1.3603611998193472, 'lon': 103.98931796630734}",THE TINSEL RACK,11886123,B1-256
B1,3fdb74a7-a8be-465d-a849-d51253a1afb6,poi/11981754/icon/0a60d705246043eb8c2b4f3dba18da35.jpeg,"{'lat': 1.3597601312345684, 'lon': 103.98991292951997}",THE WONDER STORE,11981754,
B1,3fdb74a7-a8be-465d-a849-d51253a1afb6,poi/11886130/icon/5b75162c6ccb4ac28d76f13c05c48360.jpg,"{'lat': 1.359971800458674, 'lon': 103.99055378962092}",TOYS R US,11886130,
B1,3fdb74a7-a8be-465d-a849-d51253a1afb6,poi/11886373/icon/71d1b269f7114621a6c94eadbe3ad7f1.jpg,"{'lat': 1.3600882986253158, 'lon': 103.98999980182398}",TUN XIANG HOKKIEN DELIGHTS,11886373,B1-289-290
B1,3fdb74a7-a8be-465d-a849-d51253a1afb6,poi/11886117/icon/d3885b9b8cf4450386f0b4c6f12d4a9d.jpg,"{'lat': 1.3597087301739657, 'lon': 103.99023808922476}",UNIQLO,11886117,B1-212-216
B1,3fdb74a7-a8be-465d-a849-d51253a1afb6,,"{'lat': 1.3606504073335792, 'lon': 103.98912289373554}",Wheelchair Restroom,6c6f2839-c2ac-499f-b3df-fdaa088338ef,
B1,3fdb74a7-a8be-465d-a849-d51253a1afb6,poi/11886374/icon/4b9e24bcca1e4186882ddaab270cab4b.jpg,"{'lat': 1.3603046987947562, 'lon': 103.9894883921728}",WHITE RESTAURANT,11886374,B1-245-246
B1,3fdb74a7-a8be-465d-a849-d51253a1afb6,poi/11886118/icon/22f0496f8b7245b4a88670f0db4e3d8e.jpg,"{'lat': 1.3601607132639677, 'lon': 103.98904448625687}",ZARA,11886118,B1-230-234
B1M,d7821bd8-d13f-400e-88ba-1a316de9bdc7,,"{'lat': 1.360332877339782, 'lon': 103.98979249916775}",Escalator,ef3c8e53-cf75-4ee3-86a4-0947db8d9e14,
B2,5a492815-77d4-42f3-8600-a209fd1d58b6,poi/11886768/icon/ba9b1f213040410586c715e0cfb38b6b.jpg,"{'lat': 1.3598528533225591, 'lon': 103.98975609936744}",7-Eleven,11886768,B2-221
B2,5a492815-77d4-42f3-8600-a209fd1d58b6,poi/11887246/icon/75afb7eb887242a1ad8c5200da6a8f2e.jpg,"{'lat': 1.3600910223872964, 'lon': 103.98986869908776}",A&W,11887246,B2-209
B2,5a492815-77d4-42f3-8600-a209fd1d58b6,poi/11887248/icon/1b0fea6f9d3740f7b0ebfa0a3fbc2d6f.jpg,"{'lat': 1.3599996011141868, 'lon': 103.98940714765763}",ABURI-EN,11887248,B2-233
B2,5a492815-77d4-42f3-8600-a209fd1d58b6,poi/11887247/icon/5d9f3270631148d497a6dbee9a3c5862.jpg,"{'lat': 1.3599858146467512, 'lon': 103.98964563489581}",AN ACAI AFFAIR,11887247,B2-262
B2,5a492815-77d4-42f3-8600-a209fd1d58b6,poi/11887249/icon/bffd2eb7844f4559b952b808f341839c.png,"{'lat': 1.3599858146467512, 'lon': 103.98964563489581}",AUNTIE ANNE'S,11887249,B2-272
B2,5a492815-77d4-42f3-8600-a209fd1d58b6,poi/11887250/icon/df919aa60ed1498bb77a995b8455eeab.jpg,"{'lat': 1.3596300876612695, 'lon': 103.98960215808245}",BEAUTY IN THE POT,11887250,B2-224-226
B2,5a492815-77d4-42f3-8600-a209fd1d58b6,poi/11887251/icon/939cb46d4792492798036a908c2bd371.jpg,"{'lat': 1.3599858146467512, 'lon': 103.98964563489581}",BOOST JUICE BARS,11887251,B2-261
B2,5a492815-77d4-42f3-8600-a209fd1d58b6,poi/11886769/icon/814bcb52ce374cda82d59e5eb44914a6.png,"{'lat': 1.3598512970594567, 'lon': 103.98948126664295}",BOTTLES & BOTTLES,11886769,B2-230
B2,5a492815-77d4-42f3-8600-a209fd1d58b6,poi/11886781/icon/3e80a132b62f41ddada24ced2bae84e3.png,"{'lat': 1.359709325806466, 'lon': 103.99009810775313}",CHALLENGER,11886781,"B2-214-215, B2-216"
B2,5a492815-77d4-42f3-8600-a209fd1d58b6,poi/11887252/icon/ee392a5848f946e9960040e85ae02bca.jpg,"{'lat': 1.3598935693201035, 'lon': 103.98993869381843}",CHICHA SAN CHEN,11887252,B2-213
B2,5a492815-77d4-42f3-8600-a209fd1d58b6,poi/11887264/icon/f549c0a4dbb94127a8c1a0be0dc478c4.jpg,"{'lat': 1.3604197137273681, 'lon': 103.98937865780223}",DAPUR PENYET,11887264,"B2-241, B2-242"
B2,5a492815-77d4-42f3-8600-a209fd1d58b6,poi/11892657/icon/8502a0204e994f458b73a7a6787a22af.png,"{'lat': 1.359788260698585, 'lon': 103.98945064202876}",DIAN XIAO ER,11892657,B2-229
B2,5a492815-77d4-42f3-8600-a209fd1d58b6,poi/11887265/icon/1c237d05e1464f81854c81259589368d.jpg,"{'lat': 1.3599858146467512, 'lon': 103.98964563489581}",DUNKIN' DONUTS,11887265,B2-270
B2,5a492815-77d4-42f3-8600-a209fd1d58b6,,"{'lat': 1.3602233851042154, 'lon': 103.98922469700534}",Elevator,54352649-d334-4687-9fc1-03720431f112,
B2,5a492815-77d4-42f3-8600-a209fd1d58b6,,"{'lat': 1.3604829650932784, 'lon': 103.9893946148288}",Elevator,197c853f-c963-4ef3-bd1e-a45a3bbf0c39,
B2,5a492815-77d4-42f3-8600-a209fd1d58b6,,"{'lat': 1.3598512609049467, 'lon': 103.99011137311255}",Elevator,cc3ba598-d424-4144-93b2-cf12e0b520a9,
B2,5a492815-77d4-42f3-8600-a209fd1d58b6,,"{'lat': 1.3603051349157855, 'lon': 103.9891166310657}",Escalator,1c2738f1-88ff-4a2c-b2a6-92785690d4a9,
B2,5a492815-77d4-42f3-8600-a209fd1d58b6,,"{'lat': 1.35983153200512, 'lon': 103.99024567461346}",Escalator,5fbb0e9a-aff2-42eb-bdfb-b1643c11957f,
B2,5a492815-77d4-42f3-8600-a209fd1d58b6,,"{'lat': 1.3602885441352726, 'lon': 103.98977383728463}",Escalator,835e82c6-fa59-49b5-92de-86f70017e310,
B2,5a492815-77d4-42f3-8600-a209fd1d58b6,poi/11886782/icon/4f65400df1724411afd61190835133f2.jpg,"{'lat': 1.359793775972699, 'lon': 103.98989662772472}",EU YAN SANG,11886782,B2-219
B2,5a492815-77d4-42f3-8600-a209fd1d58b6,poi/11886783/icon/d2d59c1c111c4558bdae6bf5d42c208b.jpg,"{'lat': 1.3599854086086676, 'lon': 103.99021267933867}",FAIRPRICE FINEST,11886783,B2-205-208
B2,5a492815-77d4-42f3-8600-a209fd1d58b6,,"{'lat': 1.360637369352934, 'lon': 103.98925681229281}",Female Restroom,d5ce61e5-9af3-4346-ac38-eaa78208a780,
B2,5a492815-77d4-42f3-8600-a209fd1d58b6,,"{'lat': 1.3594757672892779, 'lon': 103.98984092546709}",Female Restroom,0838acde-882b-4ee4-8cc4-a6979dae97ff,
B2,5a492815-77d4-42f3-8600-a209fd1d58b6,poi/11887267/icon/e6defcdc5cca4ef3b06988087533e0db.jpg,"{'lat': 1.3599711722431211, 'lon': 103.98947472069841}",FONG SHENG HAO,11887267,B2-232
B2,5a492815-77d4-42f3-8600-a209fd1d58b6,poi/11988762/icon/3e40c54c78e74012a5530730e9d8d4d3.jpg,"{'lat': 1.3603528347126679, 'lon': 103.9892807462139}",food republic,11988762,B2-238-240
B2,5a492815-77d4-42f3-8600-a209fd1d58b6,poi/11887281/icon/8d85946ff7dd4f10af57eadf1fb49c0f.jpg,"{'lat': 1.3599858146467512, 'lon': 103.98964563489581}",FROZEN HEART FRIED ICE CREAM,11887281,B2-258
B2,5a492815-77d4-42f3-8600-a209fd1d58b6,poi/11886784/icon/1391770f48734d63905e82214c4bc30e.jpg,"{'lat': 1.3601459660021316, 'lon': 103.9893384038061}",IRVINS SALTED EGG,11886784,B2-248-250
B2,5a492815-77d4-42f3-8600-a209fd1d58b6,poi/11887283/icon/bd5729d0a4a94b09a0ea45af19667770.png,"{'lat': 1.3600339224898432, 'lon': 103.98985154004319}",ITACHO SUSHI,11887283,B2-210
B2,5a492815-77d4-42f3-8600-a209fd1d58b6,poi/11887286/icon/462a97e45b9b478f92ed36587bbe3ca6.jpg,"{'lat': 1.3599858146467512, 'lon': 103.98964563489581}",JOLLIBEAN,11887286,B2-259
B2,5a492815-77d4-42f3-8600-a209fd1d58b6,poi/11887285/icon/2b4596e01857437785f29be0f6a621bf.jpg,"{'lat': 1.3599858146467512, 'lon': 103.98964563489581}",KANE MOCHI,11887285,B2-269
B2,5a492815-77d4-42f3-8600-a209fd1d58b6,,"{'lat': 1.3601869124739527, 'lon': 103.99007793475421}",KCUTS,11887245,B2-204
B2,5a492815-77d4-42f3-8600-a209fd1d58b6,poi/11886785/icon/ad7afad3e61b4d3ba260ceb7cf53d016.png,"{'lat': 1.3601110524980555, 'lon': 103.98942313789175}",KEE WAH BAKERY,11886785,B2-252
B2,5a492815-77d4-42f3-8600-a209fd1d58b6,poi/11887288/icon/cbdbdcb1032d480eb0c81f03fb64e84e.jpg,"{'lat': 1.3599858146467512, 'lon': 103.98964563489581}",KENANGAN COFFEE,11887288,B2-255
B2,5a492815-77d4-42f3-8600-a209fd1d58b6,poi/11887284/icon/692e14eecd8b4cbe9fb7fc511057141e.jpg,"{'lat': 1.3604234848945913, 'lon': 103.98955880232901}",KFC,11887284,B2-275-277
B2,5a492815-77d4-42f3-8600-a209fd1d58b6,poi/11887287/icon/fd3a3913fdde41f8b34f28ddb5ba0932.jpg,"{'lat': 1.3599858146467512, 'lon': 103.98964563489581}",KOI EXPRESS,11887287,B2-263
B2,5a492815-77d4-42f3-8600-a209fd1d58b6,poi/11886786/icon/8b1e4ec3641f4ae5b1acfb838771bc30.jpg,"{'lat': 1.3599136918273629, 'lon': 103.98989083526709}",LAC NUTRITION FOR LIFE,11886786,B2-212
B2,5a492815-77d4-42f3-8600-a209fd1d58b6,poi/11886787/icon/acedb7cd6f6741b49b19ca132190ba0d.jpeg,"{'lat': 1.3600796184092145, 'lon': 103.98949620223108}",LAVENDER,11886787,"B2-253, B2-254"
B2,5a492815-77d4-42f3-8600-a209fd1d58b6,poi/11887238/icon/5a2a7a103eb54ecb90a51c2d6f982257.jpg,"{'lat': 1.3598507729522498, 'lon': 103.98969717349976}",LIM CHEE GUAN,11887238,"B2-222, B2-223"
B2,5a492815-77d4-42f3-8600-a209fd1d58b6,,"{'lat': 1.3597887019235522, 'lon': 103.98910807324651}",Male Restroom,255ee45a-7199-4b82-991e-d36d00f498db,
B2,5a492815-77d4-42f3-8600-a209fd1d58b6,,"{'lat': 1.3594463409679953, 'lon': 103.98992379671603}",Male Restroom,799c1fae-6bf7-4f7a-86ff-1cbf4e2091f5,
B2,5a492815-77d4-42f3-8600-a209fd1d58b6,poi/11887291/icon/4f7009e6314940a1823c42de2baf6a0d.jpg,"{'lat': 1.359976286223445, 'lon': 103.98980267492746}",MOS BURGER,11887291,B2-211
B2,5a492815-77d4-42f3-8600-a209fd1d58b6,poi/11887292/icon/23e0535e8a924976a8cd2476f0b9e40e.png,"{'lat': 1.3599858146467512, 'lon': 103.98964563489581}",MR. COCONUT,11887292,B2-268
B2,5a492815-77d4-42f3-8600-a209fd1d58b6,poi/11887244/icon/01863894e1334025a9524d60df9b55ee.jpg,"{'lat': 1.3601240299364608, 'lon': 103.98939057565582}",MYEUREKA,11887244,B2-251
B2,5a492815-77d4-42f3-8600-a209fd1d58b6,poi/11887293/icon/89d5871516324e0184b92e4a72cf36e3.jpg,"{'lat': 1.3599858146467512, 'lon': 103.98964563489581}",NINE FRESH,11887293,B2-244
B2,5a492815-77d4-42f3-8600-a209fd1d58b6,poi/11887294/icon/e2b9a77d32b546c7a25b961ba79dac15.jpg,"{'lat': 1.3599858146467512, 'lon': 103.98964563489581}",OLD CHANG KEE,11887294,B2-247
B2,5a492815-77d4-42f3-8600-a209fd1d58b6,poi/11887239/icon/0ea354f97a3443eb93339624894e3062.jpg,"{'lat': 1.3598241333470278, 'lon': 103.98982441609144}",OSIM,11887239,B2-220
B2,5a492815-77d4-42f3-8600-a209fd1d58b6,poi/11887296/icon/ef749439dbbf4a79a3098e3e067fb1ce.jpg,"{'lat': 1.3599858146467512, 'lon': 103.98964563489581}",POTATO CORNER,11887296,B2-264
B2,5a492815-77d4-42f3-8600-a209fd1d58b6,poi/11975537/icon/7999f4b042be4ebebcde8b408915c59e.png,"{'lat': 1.3598104229054595, 'lon': 103.98960995749617}",Qiji Signature,11975537,
B2,5a492815-77d4-42f3-8600-a209fd1d58b6,poi/11887298/icon/7dd4d859a3bb43028f7e4c29d0829e3c.png,"{'lat': 1.3599858146467512, 'lon': 103.98964563489581}",SF FRUITS & JUICES,11887298,B2-260
B2,5a492815-77d4-42f3-8600-a209fd1d58b6,poi/11938811/icon/22c40b48ede74b19b9eda719bd680abc.jpg,"{'lat': 1.3601377815148907, 'lon': 103.98910620292075}",SHAW THEATRES,11938811,B2-237
B2,5a492815-77d4-42f3-8600-a209fd1d58b6,poi/11892655/icon/6bd801bd6f564edab3e23497c50c2084.jpg,"{'lat': 1.3599858146467512, 'lon': 103.98964563489581}",SHIHLIN TAIWAN STREET SNACKS,11892655,B2-246
B2,5a492815-77d4-42f3-8600-a209fd1d58b6,poi/11887243/icon/c52e0a16c073498aae4b3dde4b33a6ae.png,"{'lat': 1.3602194114184807, 'lon': 103.99009216537227}",SKINGO!,11887243,B2-203
B2,5a492815-77d4-42f3-8600-a209fd1d58b6,poi/11892656/icon/d70f4befc31a4f69858c0ee6e3d1a7be.jpg,"{'lat': 1.3603667972366928, 'lon': 103.98969389258643}",SONG FA BAK KUT TEH,11892656,B2-278-280
B2,5a492815-77d4-42f3-8600-a209fd1d58b6,poi/11892658/icon/6378a9bba1b04b7a9668a2dbbb16d9d5.jpg,"{'lat': 1.3599858146467512, 'lon': 103.98964563489581}",Subway,11892658,B2-245
B2,5a492815-77d4-42f3-8600-a209fd1d58b6,poi/11892654/icon/7da89317a2004b2b8da136a296dd6e7f.png,"{'lat': 1.360229429545201, 'lon': 103.9898391123319}",SUKIYA. GYUDON. CURRY,11892654,B2-200
B2,5a492815-77d4-42f3-8600-a209fd1d58b6,poi/11887266/icon/68af90da82e640fe8116d4a109be7dae.png,"{'lat': 1.3596969390894287, 'lon': 103.98944144117765}",SUSHIRO,11887266,B2-227-228
B2,5a492815-77d4-42f3-8600-a209fd1d58b6,poi/11892659/icon/a9df893f64e245668164670a4628574d.jpg,"{'lat': 1.3600595515967626, 'lon': 103.98926465038905}",TANYU EXCLUSIVE,11892659,B2-235-236
B2,5a492815-77d4-42f3-8600-a209fd1d58b6,poi/11947659/icon/79d3a3e1f73d40669c9e81e3f32b25a5.jpg,"{'lat': 1.3599858146467512, 'lon': 103.98964563489581}",THE ALLEY,11947659,B2-273
B2,5a492815-77d4-42f3-8600-a209fd1d58b6,poi/11892660/icon/af1eae9718ea407ebe1af2402ec9615c.jpg,"{'lat': 1.3601791835687156, 'lon': 103.98987992972324}",THE HAINAN STORY,11892660,B2-201-202
B2,5a492815-77d4-42f3-8600-a209fd1d58b6,poi/11892661/icon/7173d7a6e6dc431689a57b9e63cdd9ee.jpg,"{'lat': 1.3599858146467512, 'lon': 103.98964563489581}",THE ORIGINAL VADAI,11892661,B2-267
B2,5a492815-77d4-42f3-8600-a209fd1d58b6,poi/12022386/icon/5f5eefa617e34417b9512c83894712f9.png,"{'lat': 1.3598381133463178, 'lon': 103.98954662564549}",Thye Moh Chan,12022386,
B2,5a492815-77d4-42f3-8600-a209fd1d58b6,poi/11892663/icon/6af12d8a469242788405540409d8d578.png,"{'lat': 1.3599319846205706, 'lon': 103.9895130653613}",TOAST BOX,11892663,B2-231
B2,5a492815-77d4-42f3-8600-a209fd1d58b6,poi/11975523/icon/30f278b4d2ce4070b708bd7342ddeb72.png,"{'lat': 1.3599858146467512, 'lon': 103.98964563489581}",TOKYO MILK CHEESE FACTORY & COW COW KITCHEN,11975523,B2-265
B2,5a492815-77d4-42f3-8600-a209fd1d58b6,poi/11887242/icon/36166ffdbafc4a6999f20eb953d73512.jpg,"{'lat': 1.359765747339034, 'lon': 103.98996329993977}",Watsons,11887242,B2-217-218
B2,5a492815-77d4-42f3-8600-a209fd1d58b6,,"{'lat': 1.3605680221428038, 'lon': 103.98932804890936}",Wheelchair Restroom,28443a1a-2fdb-4715-81e2-b9840c394194,
B2,5a492815-77d4-42f3-8600-a209fd1d58b6,,"{'lat': 1.3598651533386046, 'lon': 103.98913646729055}",Wheelchair Restroom,6abb1262-61b8-4530-80c8-fac6cc4a3b49,
B2,5a492815-77d4-42f3-8600-a209fd1d58b6,poi/11892664/icon/b6348d2ae1ea47aebf80c87e939c8826.jpg,"{'lat': 1.3599858146467512, 'lon': 103.98964563489581}",YOLÉ,11892664,B2-271
B2M,e2d0211f-c95c-4af0-a5d6-50c29fb4ce57,,"{'lat': 1.360332877339782, 'lon': 103.98979249916775}",Escalator,4b759511-6a6a-443a-90de-ee63c4b05c5e,
B2M,e2d0211f-c95c-4af0-a5d6-50c29fb4ce57,,"{'lat': 1.3602758187213488, 'lon': 103.98995377074175}",Escalator,c781cc20-3eb9-4e68-983a-de0d0f6944bf,
B3,8cd365e2-5147-4d87-9f19-90358f6872db,,"{'lat': 1.3605399035779886, 'lon': 103.99046538304657}",Elevator,0328959f-5766-42dd-acc0-8544af85d052,
B3,8cd365e2-5147-4d87-9f19-90358f6872db,,"{'lat': 1.3601531658729735, 'lon': 103.9901776806051}",Elevator,f18f6007-f734-4547-8917-81409096ff67,
B3,8cd365e2-5147-4d87-9f19-90358f6872db,,"{'lat': 1.360260686633057, 'lon': 103.98975898916692}",Parking,0f3e3899-97cc-4986-abab-2cf0383aa153,
B4,d3cf19cf-4c3d-4cd0-b207-c1dc3904ff4f,,"{'lat': 1.3598512609049467, 'lon': 103.99011137311255}",Elevator,a2505a9c-6716-47e2-af71-6125822b0a70,
B4,d3cf19cf-4c3d-4cd0-b207-c1dc3904ff4f,,"{'lat': 1.3609589951396215, 'lon': 103.98946930897242}",Elevator,4c072779-f131-428c-999b-70e5ddf39aff,
B4,d3cf19cf-4c3d-4cd0-b207-c1dc3904ff4f,,"{'lat': 1.3601531658729735, 'lon': 103.9901776806051}",Elevator,3cfee2a9-cea3-4a77-8ffd-6a3c0b55fe26,
B4,d3cf19cf-4c3d-4cd0-b207-c1dc3904ff4f,,"{'lat': 1.3598186497445592, 'lon': 103.98957603716285}",Escalator,dc2e5fe7-5730-4f21-8cc4-5c43e1585c3f,
B4,d3cf19cf-4c3d-4cd0-b207-c1dc3904ff4f,,"{'lat': 1.360332877339782, 'lon': 103.98979249916775}",Escalator,5a04412a-1b99-4c7b-a86e-a87b0f1ba35c,
B5,c8b6632d-4951-4ddc-8d8b-f9140b5f1c23,,"{'lat': 1.3599350424207264, 'lon': 103.99013317830554}",Elevator,996c525e-7d82-438f-82f1-8db2fb3ec0dd,
B5,c8b6632d-4951-4ddc-8d8b-f9140b5f1c23,,"{'lat': 1.3598512609049467, 'lon': 103.99011137311255}",Elevator,9310a214-cf56-4a20-be0a-d0daf4d3299a,
B5,c8b6632d-4951-4ddc-8d8b-f9140b5f1c23,,"{'lat': 1.3609589951396215, 'lon': 103.98946930897242}",Elevator,20f2ec9c-2346-4148-9566-4f093e213a50,
B5,c8b6632d-4951-4ddc-8d8b-f9140b5f1c23,,"{'lat': 1.3605399035779886, 'lon': 103.99046538304657}",Elevator,d39b2541-3fcc-4476-917d-df9a5c77c2e9,
B5,c8b6632d-4951-4ddc-8d8b-f9140b5f1c23,,"{'lat': 1.3604829650932784, 'lon': 103.9893946148288}",Elevator,1f71a54b-0c8a-4d3e-b471-677f8c88e6b6,
B5,c8b6632d-4951-4ddc-8d8b-f9140b5f1c23,,"{'lat': 1.3602995193023848, 'lon': 103.98927030133068}",Elevator,7de1e52a-1ade-4997-919f-ac13e564bb5f,
B5,c8b6632d-4951-4ddc-8d8b-f9140b5f1c23,,"{'lat': 1.3601531658729735, 'lon': 103.9901776806051}",Elevator,7fd96e6c-ec24-43af-bcfc-cb13fcf52ceb,
B5,c8b6632d-4951-4ddc-8d8b-f9140b5f1c23,,"{'lat': 1.360332877339782, 'lon': 103.98979249916775}",Escalator,2fbd4751-55a7-48cf-ad41-c496b6206d2b,
L1,048e7a4b-9fd6-4862-bb15-89e59e66c56d,poi/11881205/icon/6ea6742f08b947c38ccfe5e26d8bf2b0.jpg,"{'lat': 1.3601932129136627, 'lon': 103.98901983110711}",AGNES B,11881205,01-252
L1,048e7a4b-9fd6-4862-bb15-89e59e66c56d,poi/11881206/icon/7cc07e0742b94fcaabf1f98598c14d49.jpg,"{'lat': 1.3605625935437793, 'lon': 103.98909669913675}",AMARIS,11881206,01-256-257
L1,048e7a4b-9fd6-4862-bb15-89e59e66c56d,poi/11881207/icon/1160c18e0e414e268ce8ec2c7ee7dd1d.png,"{'lat': 1.3598416205752109, 'lon': 103.98926200791371}",ASIAN ARTISTRY FINE JEWELLERY,11881207,01-246
L1,048e7a4b-9fd6-4862-bb15-89e59e66c56d,,"{'lat': 1.359769671227753, 'lon': 103.99034133588488}",BAGGAGE STORAGE,11947618,01-302
L1,048e7a4b-9fd6-4862-bb15-89e59e66c56d,poi/11881208/icon/e116949a83364fd5a47499bbb4b95396.jpg,"{'lat': 1.3607495629791084, 'lon': 103.98936853989554}",BEAUTIQUE BY ISHOPCHANGI,11881208,01-262
L1,048e7a4b-9fd6-4862-bb15-89e59e66c56d,poi/11881209/icon/7900cda1f62442658fda3acdb7cbedcd.jpg,"{'lat': 1.3597555610494667, 'lon': 103.98993764099636}",BEE CHENG HIANG,11881209,01-226
L1,048e7a4b-9fd6-4862-bb15-89e59e66c56d,poi/11881210/icon/9a44c52ce7a84ebe97800a92a5d97f06.jpg,"{'lat': 1.3596867490052305, 'lon': 103.99023780943693}",BENGAWAN SOLO,11881210,01-228-229
L1,048e7a4b-9fd6-4862-bb15-89e59e66c56d,poi/11882124/icon/00105fbb69ef44c18029fe9dddf043ca.png,"{'lat': 1.3603831439351037, 'lon': 103.98901776736967}",BIRDS OF PARADISE,11882124,01-254
L1,048e7a4b-9fd6-4862-bb15-89e59e66c56d,poi/11881211/icon/587b6a44681c480bb0aa4d90425a5ecc.jpg,"{'lat': 1.3596406901755882, 'lon': 103.98959198253894}",BOARDING GATE,11881211,01-239
L1,048e7a4b-9fd6-4862-bb15-89e59e66c56d,poi/11947610/icon/7d4a9b7315804b20a5dbf3f4e4b01bd7.jpg,"{'lat': 1.360021757325385, 'lon': 103.99017281559037}",Changi Lounge,11947610,01-304
L1,048e7a4b-9fd6-4862-bb15-89e59e66c56d,poi/11881215/icon/ac8e54af8ec34f2b97814a209c4fe2fe.jpg,"{'lat': 1.359658404810823, 'lon': 103.99018739538735}",CHOCOLATE ORIGIN,11881215,01-230
L1,048e7a4b-9fd6-4862-bb15-89e59e66c56d,poi/11881212/icon/db79d4b52eb5416694f332c67047c003.jpg,"{'lat': 1.3603808642330715, 'lon': 103.99011647885558}",CHOW TAI FOOK,11881212,01-201
L1,048e7a4b-9fd6-4862-bb15-89e59e66c56d,poi/11881213/icon/21a90a386f424f5db77875ef8146fac6.jpg,"{'lat': 1.3605893766384536, 'lon': 103.98957225297602}",COACH,11881213,01-208-209
L1,048e7a4b-9fd6-4862-bb15-89e59e66c56d,poi/11881216/icon/d8921e0a1d52433e91a49b5f1b40b9f0.jpg,"{'lat': 1.3607120111992246, 'lon': 103.98926967218814}",DESIGUAL,11881216,01-260
L1,048e7a4b-9fd6-4862-bb15-89e59e66c56d,poi/11881217/icon/221581b2c4234cb0bc7fe0df28193b27.png,"{'lat': 1.3596616763902059, 'lon': 103.98953276050011}",ECCO,11881217,01-240
L1,048e7a4b-9fd6-4862-bb15-89e59e66c56d,,"{'lat': 1.3601531658729735, 'lon': 103.9901776806051}",Elevator,b00e2910-b3b0-44c0-8cef-40e600a08ab7,
L1,048e7a4b-9fd6-4862-bb15-89e59e66c56d,,"{'lat': 1.3602995193023848, 'lon': 103.98927030133068}",Elevator,b7c49967-eada-4d6a-8f49-7accf6e9626d,
L1,048e7a4b-9fd6-4862-bb15-89e59e66c56d,,"{'lat': 1.3598512609049467, 'lon': 103.99011137311255}",Elevator,063b9aea-f869-4c50-800f-67464b21f798,
L1,048e7a4b-9fd6-4862-bb15-89e59e66c56d,,"{'lat': 1.3594976893977206, 'lon': 103.99032169897016}",Elevator,006328b5-895a-493c-a07c-37d4fc2ab04c,
L1,048e7a4b-9fd6-4862-bb15-89e59e66c56d,,"{'lat': 1.3598186497445592, 'lon': 103.98957603716285}",Escalator,9c0b4b9c-05e5-4181-a49b-015e1d2dcddf,
L1,048e7a4b-9fd6-4862-bb15-89e59e66c56d,,"{'lat': 1.3603761266314847, 'lon': 103.99024729578952}",Escalator,993208ec-0ba9-4c01-bd05-4ae5a58171fd,
L1,048e7a4b-9fd6-4862-bb15-89e59e66c56d,,"{'lat': 1.3606894598358237, 'lon': 103.98951249835994}",Escalator,1b551410-8db7-4b1f-bf4a-5cc5f84d0db7,
L1,048e7a4b-9fd6-4862-bb15-89e59e66c56d,poi/11881218/icon/94327a8b27d04bfbaae677dcf3c4a04b.jpg,"{'lat': 1.3607323575696726, 'lon': 103.9893165972708}",Evisu,11881218,01-261
L1,048e7a4b-9fd6-4862-bb15-89e59e66c56d,,"{'lat': 1.360438507586267, 'lon': 103.9895825916976}",Female Restroom,e21b4d0c-04b0-435c-b9ee-dcbf565f6e5f,
L1,048e7a4b-9fd6-4862-bb15-89e59e66c56d,,"{'lat': 1.3595673119614462, 'lon': 103.99008623960663}",Female Restroom,d2853aac-f0d9-4e03-ae0b-1edd35e8966d,
L1,048e7a4b-9fd6-4862-bb15-89e59e66c56d,poi/11881219/icon/ad6598f194e94a65968d28e5be5f7ba8.jpg,"{'lat': 1.360102356382463, 'lon': 103.98925422162982}",FRED PERRY,11881219,01-217
L1,048e7a4b-9fd6-4862-bb15-89e59e66c56d,poi/11881221/icon/8f0e317b0852435996d754264efaf7a6.jpg,"{'lat': 1.3605663408760023, 'lon': 103.98946045725536}",FURLA,11881221,01-210
L1,048e7a4b-9fd6-4862-bb15-89e59e66c56d,poi/11881220/icon/ffa73982c08343c886ca352f7741c4bc.jpg,"{'lat': 1.3597338753444528, 'lon': 103.98938666507385}",G-shock Casio,11881220,01-243
L1,048e7a4b-9fd6-4862-bb15-89e59e66c56d,poi/11881222/icon/1129d5ade06b4766bf775ff460e8332d.jpg,"{'lat': 1.3606772180925526, 'lon': 103.98921127266122}",G-Star RAW,11881222,01-259
L1,048e7a4b-9fd6-4862-bb15-89e59e66c56d,poi/11881223/icon/069a088517ca4a768c150f5e39097f57.jpg,"{'lat': 1.36047142658225, 'lon': 103.99001158468758}",GRAND SEIKO,11881223,
L1,048e7a4b-9fd6-4862-bb15-89e59e66c56d,poi/11881224/icon/ba3ce3aa605641cb83b0a7253cb0708a.jpg,"{'lat': 1.359639084971548, 'lon': 103.99014290648513}",HOME’S FAVOURITE + FORBIDDEN,11881224,01-231
L1,048e7a4b-9fd6-4862-bb15-89e59e66c56d,,"{'lat': 1.3599614670101976, 'lon': 103.98946394028927}",Information,7e2c73f9-7f33-479b-9b78-ab9da9148459,
L1,048e7a4b-9fd6-4862-bb15-89e59e66c56d,poi/11881290/icon/0571da572afe4371b3e558398488fe1a.jpg,"{'lat': 1.3605894903584101, 'lon': 103.98967816441174}",Kate Spade,11881290,01-207
L1,048e7a4b-9fd6-4862-bb15-89e59e66c56d,poi/11882125/icon/d612fa8c794041f7a073ecfa918d03d5.jpg,"{'lat': 1.3597321660730706, 'lon': 103.98984836494414}",KIWAMI RAMEN & GYOZA BAR,11882125,
L1,048e7a4b-9fd6-4862-bb15-89e59e66c56d,poi/11881292/icon/3efe532448464fa698306ee007f0a472.jpg,"{'lat': 1.3596102552705953, 'lon': 103.989812124002}",L’ECLAIR PATISSERIE,11881292,01-235
L1,048e7a4b-9fd6-4862-bb15-89e59e66c56d,poi/11881291/icon/d00834500ab4492eb3cdf6f221774234.jpg,"{'lat': 1.3596779427334804, 'lon': 103.98949408790021}",LÄDERACH CHOCOLATIER SUISSE,11881291,01-241
L1,048e7a4b-9fd6-4862-bb15-89e59e66c56d,poi/12022948/icon/8888b8d5209547cba42e00ddb7aeeb37.png,"{'lat': 1.3605740234382422, 'lon': 103.98925341941909}",LUKE'S LOBSTER,12022948,01-K209
L1,048e7a4b-9fd6-4862-bb15-89e59e66c56d,poi/11881293/icon/c43d1635b74b4693b7c04e23b72f4d13.jpg,"{'lat': 1.3605147530797161, 'lon': 103.98906961338221}",Maison Margiela,11881293,
L1,048e7a4b-9fd6-4862-bb15-89e59e66c56d,,"{'lat': 1.3603866198294519, 'lon': 103.98948897445013}",Male Restroom,48bcb30a-28f7-413f-b639-3fce8e283a0e,
L1,048e7a4b-9fd6-4862-bb15-89e59e66c56d,poi/11881294/icon/114999d3ab77424fbaf6345a7d38cad6.jpg,"{'lat': 1.360355523758894, 'lon': 103.98926760161467}",MASSIMO DUTTI,11881294,01-214-216
L1,048e7a4b-9fd6-4862-bb15-89e59e66c56d,poi/11882251/icon/b02fcaa6e6d845cf8f95e1395afa8baf.jpg,"{'lat': 1.3596098442981737, 'lon': 103.98971054064054}",NESUTO,11882251,01-236-237
L1,048e7a4b-9fd6-4862-bb15-89e59e66c56d,poi/11881296/icon/ab15f9e748474aeb9fa633e5950d6d65.jpg,"{'lat': 1.3599613918091755, 'lon': 103.98913139637776}",OAKLEY,11881296,01-248
L1,048e7a4b-9fd6-4862-bb15-89e59e66c56d,poi/11881297/icon/c7fae45208604656988b4a6fc8679b19.jpg,"{'lat': 1.359704286177829, 'lon': 103.98943994217034}",ONITSUKA TIGER,11881297,01-242
L1,048e7a4b-9fd6-4862-bb15-89e59e66c56d,poi/11881314/icon/7d28b6fa81be435aafdd9fa318c32aaa.png,"{'lat': 1.3600822933142112, 'lon': 103.9890599910582}",OYSHO,11881314,"01-249-250, 01-251"
L1,048e7a4b-9fd6-4862-bb15-89e59e66c56d,poi/11881863/icon/17e6d3cb7a5e4100a76aaf53072fd34e.jpg,"{'lat': 1.3596237431696814, 'lon': 103.98964966180631}",PANDORA,11881863,01-238
L1,048e7a4b-9fd6-4862-bb15-89e59e66c56d,poi/11881864/icon/3b19993b3d934221a67fe044252955e7.jpg,"{'lat': 1.3606177954617271, 'lon': 103.98913495671134}",POLO RALPH LAUREN,11881864,01-258
L1,048e7a4b-9fd6-4862-bb15-89e59e66c56d,poi/11882252/icon/0ce79437e11541e5951a576be953545c.jpg,"{'lat': 1.3597903625687315, 'lon': 103.99001103000032}",POULET BIJOU,11882252,01-227
L1,048e7a4b-9fd6-4862-bb15-89e59e66c56d,poi/11881866/icon/3556c868df1448088fccef15869aca0c.jpg,"{'lat': 1.3598981737801983, 'lon': 103.98920095153909}",Ray-Ban,11881866,01-247
L1,048e7a4b-9fd6-4862-bb15-89e59e66c56d,poi/11881867/icon/d5b41c355aca4d258835ca897b910a73.jpg,"{'lat': 1.3596267225883367, 'lon': 103.99008462092834}",RICH & GOOD CAKE SHOP,11881867,01-232
L1,048e7a4b-9fd6-4862-bb15-89e59e66c56d,poi/11881868/icon/bbfa481fa09f49949d751fb05cea94d8.jpg,"{'lat': 1.3597694722098999, 'lon': 103.98933173357213}",SAMSONITE,11881868,01-244-245
L1,048e7a4b-9fd6-4862-bb15-89e59e66c56d,poi/11881869/icon/afeaf71ed2e142d896424f18f23c383c.jpg,"{'lat': 1.3604524773589541, 'lon': 103.98932805872882}",SPECTACLE HUT BOUTIQUE,11881869,01-211-213
L1,048e7a4b-9fd6-4862-bb15-89e59e66c56d,poi/12023112/icon/e1a5002052934dbba2fa24b3effd0690.jpg,"{'lat': 1.3599614670101976, 'lon': 103.98946394028927}",Table and seats for Yakun,12023112,
L1,048e7a4b-9fd6-4862-bb15-89e59e66c56d,poi/11881870/icon/71da6343a25e421f8d075a7d3acc8d2d.jpg,"{'lat': 1.3605024669201897, 'lon': 103.98996792045543}",TAG HEUER,11881870,01-203-204
L1,048e7a4b-9fd6-4862-bb15-89e59e66c56d,poi/11882254/icon/28e9ef5129cb422392d38ad60d4f9944.jpg,"{'lat': 1.3597341766299247, 'lon': 103.9896778745014}",TEMPURA MAKINO,11882254,01-223
L1,048e7a4b-9fd6-4862-bb15-89e59e66c56d,poi/11881872/icon/2c8a2fc828ad4827b4421fe9582d6997.png,"{'lat': 1.359605963933679, 'lon': 103.98990231505942}",THE BACKYARD BAKERS,11881872,01-234
L1,048e7a4b-9fd6-4862-bb15-89e59e66c56d,poi/11882256/icon/dbeb5086a7c04c2d9cc3a313a972687c.jpg,"{'lat': 1.3602892460089733, 'lon': 103.99017446913075}",THE COFFEE BEAN & TEA LEAF,11882256,01-200
L1,048e7a4b-9fd6-4862-bb15-89e59e66c56d,poi/11881873/icon/0f737e7fc04142e49b6307f62035724f.jpg,"{'lat': 1.3596094124829794, 'lon': 103.98998450066163}",TONG GARDEN,11881873,01-233
L1,048e7a4b-9fd6-4862-bb15-89e59e66c56d,poi/11881871/icon/33d899f33327483c94e829ab25eb1cf1.png,"{'lat': 1.360432330750291, 'lon': 103.9900629049962}",TUDOR,11881871,01-202
L1,048e7a4b-9fd6-4862-bb15-89e59e66c56d,poi/11882257/icon/816195c628c245beabaed9513945642d.jpg,"{'lat': 1.3605687061769514, 'lon': 103.98976528452135}",VIOLET OON SINGAPORE,11882257,01-205-206
L1,048e7a4b-9fd6-4862-bb15-89e59e66c56d,poi/11882258/icon/7052c527e5654012b3e85646176abfb8.png,"{'lat': 1.3597256766590757, 'lon': 103.98976215439504}",WA-EN WAGYU YAKINIKU,11882258,01-224-225
L1,048e7a4b-9fd6-4862-bb15-89e59e66c56d,,"{'lat': 1.3603066068173082, 'lon': 103.99004982038478}",Wheelchair Restroom,dbaed200-9014-47f1-a2af-58c60ceff9c3,
L1,048e7a4b-9fd6-4862-bb15-89e59e66c56d,,"{'lat': 1.3604465979828535, 'lon': 103.98944355210013}",Wheelchair Restroom,f4d82e94-3c99-416a-8147-61bd05830f26,
L1,048e7a4b-9fd6-4862-bb15-89e59e66c56d,poi/12023025/icon/0f821a0e572e4510b30b91e201b480a8.jpg,"{'lat': 1.3599614670101976, 'lon': 103.98946394028927}",Ya Kun Kaya Toast,12023025,
L2,ca5798f7-9e82-4260-aeb9-692a4f33b561,poi/11883028/icon/0d0e653283664e73a45a8546e4243c70.jpg,"{'lat': 1.3597357148052125, 'lon': 103.98972461932524}",Adidas,11883028,02-246-247
L2,ca5798f7-9e82-4260-aeb9-692a4f33b561,poi/11883008/icon/a53293b6ef6442f38472a02d397a531e.png,"{'lat': 1.3605301820373943, 'lon': 103.98960625892836}",APPLE,11883008,02-234-236
L2,ca5798f7-9e82-4260-aeb9-692a4f33b561,poi/11883009/icon/2e3f355f0852455b9f440aedc3262367.jpg,"{'lat': 1.3598991697412284, 'lon': 103.98920231425654}",AROMA TRUFFLE,11883009,02-219
L2,ca5798f7-9e82-4260-aeb9-692a4f33b561,poi/11883006/icon/beaad92e1ef744b1ae7476c4543f4c6d.jpg,"{'lat': 1.3605504903311068, 'lon': 103.98908064128076}",ASICS,11883006,02-226
L2,ca5798f7-9e82-4260-aeb9-692a4f33b561,poi/11883007/icon/a376b528ac834c9d8ffbf65d24a04a5d.jpg,"{'lat': 1.359607193069875, 'lon': 103.98989461115495}",AWHSOME BY HYGGERIUM,11883007,02-214
L2,ca5798f7-9e82-4260-aeb9-692a4f33b561,poi/11883010/icon/8b6b2560f4d9477fa04060a89f377ee0.jpg,"{'lat': 1.3604200931346038, 'lon': 103.99032212982212}",BATH & BODY WORKS,11883010,02-202
L2,ca5798f7-9e82-4260-aeb9-692a4f33b561,poi/11883011/icon/99cea4d8f101476ca5f6ec3702f54493.png,"{'lat': 1.3601076276269926, 'lon': 103.98924012211467}",Columbia,11883011,02-241
L2,ca5798f7-9e82-4260-aeb9-692a4f33b561,poi/11883012/icon/379c95fb14ec4d8eb72c52d9e09de975.jpg,"{'lat': 1.3599129386355524, 'lon': 103.99017149002378}",CONVERSE,11883012,02-250
L2,ca5798f7-9e82-4260-aeb9-692a4f33b561,poi/12022713/icon/0f8339ae57344211bf63952f559df6d1.jpg,"{'lat': 1.3597806161530444, 'lon': 103.99035434513756}",COUCOU HOTPOT.BREW TEA,12022713,02-208-209
L2,ca5798f7-9e82-4260-aeb9-692a4f33b561,poi/11883013/icon/43a14d79ef8c473186df37e4667ef05e.png,"{'lat': 1.3603508834540372, 'lon': 103.98900540484192}",DYSON DEMO STORE SERVICE CENTRE,11883013,02-224-225
L2,ca5798f7-9e82-4260-aeb9-692a4f33b561,,"{'lat': 1.3604887990986902, 'lon': 103.98937988746525}",Elevator,b604422b-805d-4c95-95d8-68fef4b667c7,
L2,ca5798f7-9e82-4260-aeb9-692a4f33b561,poi/11883030/icon/5893610c645e4009a535c84d114f2388.jpg,"{'lat': 1.3596160387293599, 'lon': 103.9896810333874}",ELFUEGO BY COLLIN'S®,11883030,02-216
L2,ca5798f7-9e82-4260-aeb9-692a4f33b561,,"{'lat': 1.3598186497445592, 'lon': 103.98957603716285}",Escalator,b03383df-04cb-41ee-8ea5-84095033ad6e,
L2,ca5798f7-9e82-4260-aeb9-692a4f33b561,,"{'lat': 1.360676311490122, 'lon': 103.98944778132639}",Escalator,2d380dce-0ba0-4045-a271-bfe85003f2a2,
L2,ca5798f7-9e82-4260-aeb9-692a4f33b561,,"{'lat': 1.3597051631215618, 'lon': 103.99006497548332}",Escalator,11bc0e8b-cf87-4dd7-af9f-7615cdec7842,
L2,ca5798f7-9e82-4260-aeb9-692a4f33b561,,"{'lat': 1.3603150558201118, 'lon': 103.99028695908736}",Escalator,c5a8ac56-bd28-45df-9dd1-c6b740c9926a,
L2,ca5798f7-9e82-4260-aeb9-692a4f33b561,,"{'lat': 1.3604894386153517, 'lon': 103.98888374514927}",Female Restroom,fe8aa09d-de79-4597-86bc-061e8b7fd18d,
L2,ca5798f7-9e82-4260-aeb9-692a4f33b561,,"{'lat': 1.3595127991337992, 'lon': 103.98982544154431}",Female Restroom,2f6c6c40-e8d9-43bd-9b97-afec7853abc7,
L2,ca5798f7-9e82-4260-aeb9-692a4f33b561,poi/11883015/icon/6c822a81a3e14bd5b827fc044a036628.png,"{'lat': 1.3602932029510724, 'lon': 103.99013659410531}",FOOT LOCKER,11883015,02-254-255
L2,ca5798f7-9e82-4260-aeb9-692a4f33b561,poi/11883016/icon/cb671ada878246fb9d42d53937d93ea9.jpg,"{'lat': 1.3598824989147162, 'lon': 103.99040547475711}",GODIVA CHOCOLATIER,11883016,02-207
L2,ca5798f7-9e82-4260-aeb9-692a4f33b561,poi/11883017/icon/1e4e5cf494514a4c89076d0217c8f358.jpg,"{'lat': 1.3603473053169801, 'lon': 103.99042888353839}",HANDS,11883017,02-203
L2,ca5798f7-9e82-4260-aeb9-692a4f33b561,poi/11947304/icon/b67bb92c119242ee9dcf77bf90c40033.png,"{'lat': 1.3596570402400439, 'lon': 103.99018570894766}",KAM’S ROAST,11947304,02-210
L2,ca5798f7-9e82-4260-aeb9-692a4f33b561,poi/11883032/icon/488078e33b664458bd03f4903ceec556.jpg,"{'lat': 1.3599540582043295, 'lon': 103.9893200145843}",KKO KKO NARA,11883032,02-243
L2,ca5798f7-9e82-4260-aeb9-692a4f33b561,poi/11975796/icon/e4b6898b61dc4e819bbacb978bfee751.jpg,"{'lat': 1.3602036285928232, 'lon': 103.99032242890594}",Lady M,11975796,
L2,ca5798f7-9e82-4260-aeb9-692a4f33b561,,"{'lat': 1.3595135001071865, 'lon': 103.99003464886232}",Male Restroom,1bddf769-39d7-488f-8875-f6ec2d2988ca,
L2,ca5798f7-9e82-4260-aeb9-692a4f33b561,poi/11947671/icon/3436588e145949edb2353e7fe73a6649.jpg,"{'lat': 1.3606851137075429, 'lon': 103.98917331195273}",MUJI,11947671,02-227-229
L2,ca5798f7-9e82-4260-aeb9-692a4f33b561,poi/11883018/icon/d3d4022771b64c528ff1a88cc5d45d23.jpg,"{'lat': 1.360008555429651, 'lon': 103.99021101629127}",New Balance,11883018,02-251-252
L2,ca5798f7-9e82-4260-aeb9-692a4f33b561,poi/11883019/icon/b4e2af4b05c641da80217f6c3da93d86.jpg,"{'lat': 1.3608055417138105, 'lon': 103.98966626347234}",Nike,11883019,02-232-233
L2,ca5798f7-9e82-4260-aeb9-692a4f33b561,poi/11883036/icon/d4fd3a37fab14fb59e88e9ae31667b6e.webp,"{'lat': 1.3606203652378523, 'lon': 103.99020172834042}",PARIS BAGUETTE Café,11883036,02-200
L2,ca5798f7-9e82-4260-aeb9-692a4f33b561,poi/11883034/icon/388e8cd5851a44178202911580ec795c.jpg,"{'lat': 1.3598596976791155, 'lon': 103.98941523039026}",PS.CAFE,11883034,02-244-245
L2,ca5798f7-9e82-4260-aeb9-692a4f33b561,poi/11883035/icon/d97ec26180be4c889c1f083155080689.png,"{'lat': 1.3597790807462895, 'lon': 103.9899885911802}",PUTIEN,11883035,02-249
L2,ca5798f7-9e82-4260-aeb9-692a4f33b561,poi/11883037/icon/48b3ea37aef541a88a5536b33d5d1dc6.png,"{'lat': 1.3604251368622378, 'lon': 103.99001276266613}",SHAKE SHACK,11883037,02-256
L2,ca5798f7-9e82-4260-aeb9-692a4f33b561,poi/11883023/icon/9687d465d2fd410a814a85ef0a112281.jpg,"{'lat': 1.3605345786018044, 'lon': 103.99028230942928}",SKECHERS,11883023,02-201
L2,ca5798f7-9e82-4260-aeb9-692a4f33b561,poi/11975820/icon/919756a9c97f4b7c82dc88006843d36c.png,"{'lat': 1.360621635233133, 'lon': 103.98932940831322}",SOUR BOMBE,11975820,
L2,ca5798f7-9e82-4260-aeb9-692a4f33b561,poi/11883038/icon/45503a8688ee4ee38df81eef81239985.jpg,"{'lat': 1.3601778533724684, 'lon': 103.99048293377118}",Starbucks,11883038,02-204
L2,ca5798f7-9e82-4260-aeb9-692a4f33b561,poi/12022698/icon/fcb47b430ed54d478283755441d32155.png,"{'lat': 1.359816375647962, 'lon': 103.9903683319296}",TEA MI TEA,12022698,
L2,ca5798f7-9e82-4260-aeb9-692a4f33b561,poi/11883024/icon/68f18f43908d4b3597a9eaa39e1c3f95.png,"{'lat': 1.3596118460833635, 'lon': 103.98981264844878}",TEVA,11883024,02-215
L2,ca5798f7-9e82-4260-aeb9-692a4f33b561,poi/11883041/icon/d8ce6b43062f4b47b840df9b0e76b7e5.png,"{'lat': 1.3601397402475324, 'lon': 103.98903494851577}",TIM HO WAN,11883041,02-223
L2,ca5798f7-9e82-4260-aeb9-692a4f33b561,poi/11883025/icon/05ac5403d62c407dbdcde5b9e786fd9a.jpg,"{'lat': 1.3603139920227991, 'lon': 103.98921793605481}",TIMBERLAND,11883025,02-240
L2,ca5798f7-9e82-4260-aeb9-692a4f33b561,poi/11883040/icon/338301d16e4d40eb9f98511736e4c54d.png,"{'lat': 1.3597374314448838, 'lon': 103.98987058807994}",TONITO,11883040,02-248
L2,ca5798f7-9e82-4260-aeb9-692a4f33b561,poi/11883042/icon/f7865a659819430c85a6f54b4c5f28d4.jpg,"{'lat': 1.3596222130134499, 'lon': 103.9900949581476}",TONKATSU BY MA MAISON,11883042,02-211
L2,ca5798f7-9e82-4260-aeb9-692a4f33b561,poi/11883027/icon/22b01bb832284f4e86017da168078e68.jpg,"{'lat': 1.36078105602766, 'lon': 103.98940454629437}",URBAN REVIVO,11883027,02-230/231
L2,ca5798f7-9e82-4260-aeb9-692a4f33b561,,"{'lat': 1.3605528315892126, 'lon': 103.98899483022755}",Wheelchair Restroom,87ab4d3e-38dd-4219-80a4-bb0aef13d742,
L2,ca5798f7-9e82-4260-aeb9-692a4f33b561,poi/11883043/icon/a06c1c68f4b14041be56c3874bb598b9.png,"{'lat': 1.3597511373083617, 'lon': 103.98935888429332}",YUN NANS 云海肴,11883043,02-217
L3,03258cb5-e7c4-47f1-bd54-4ea04c40e590,poi/11883650/icon/739c708540e5464b96d631707db1a9de.jpg,"{'lat': 1.35972461341177, 'lon': 103.98971100528873}",ABC COOKING STUDIO,11883650,03-225-226
L3,03258cb5-e7c4-47f1-bd54-4ea04c40e590,poi/11883651/icon/3cc32160b5924fe4aa9a2e2bb2b747a8.jpg,"{'lat': 1.3599031057612319, 'lon': 103.98919836222854}",BAKERY CUISINE ONE,11883651,03-211
L3,03258cb5-e7c4-47f1-bd54-4ea04c40e590,poi/11883652/icon/06f928487ffe4455ae8ecf0c549f499b.jpeg,"{'lat': 1.3596118460890247, 'lon': 103.98981787196517}",beanfolks,11883652,03-207
L3,03258cb5-e7c4-47f1-bd54-4ea04c40e590,poi/11883670/icon/ee08d505e607419e993b8662e24e6256.jpg,"{'lat': 1.3600972630587096, 'lon': 103.98905126450039}",Din Tai Fung,11883670,03-214-215
L3,03258cb5-e7c4-47f1-bd54-4ea04c40e590,poi/11883653/icon/d81b28536d5e479fa8a97780a9e01d98.png,"{'lat': 1.3598471697172323, 'lon': 103.98925892568309}",DRAGON BRAND BIRD'S NEST,11883653,03-210
L3,03258cb5-e7c4-47f1-bd54-4ea04c40e590,,"{'lat': 1.3598512609049467, 'lon': 103.99011137311255}",Elevator,25fb028e-9108-4356-91cf-27b5365a53a9,
L3,03258cb5-e7c4-47f1-bd54-4ea04c40e590,,"{'lat': 1.3597161154271395, 'lon': 103.99009721804755}",Escalator,009dec90-3662-430a-84ca-11601e0e4a6c,
L3,03258cb5-e7c4-47f1-bd54-4ea04c40e590,,"{'lat': 1.3603664068849521, 'lon': 103.9891083530542}",Escalator,0aaae1b5-db92-4bdb-8e13-de725f48425e,
L3,03258cb5-e7c4-47f1-bd54-4ea04c40e590,,"{'lat': 1.3597843583386335, 'lon': 103.98956160233728}",Escalator,2f934944-6709-4f34-a146-88ef9befa1a6,
L3,03258cb5-e7c4-47f1-bd54-4ea04c40e590,poi/11883668/icon/7f8f593e69c54590aa748df539e9caff.jpg,"{'lat': 1.3596076071775347, 'lon': 103.98989991157603}",GELATISSIMO,11883668,03-206
L3,03258cb5-e7c4-47f1-bd54-4ea04c40e590,,"{'lat': 1.3602297088546558, 'lon': 103.98906098039019}",Information,517f9e58-1dd8-4407-835c-2ea065bbf4d2,
L3,03258cb5-e7c4-47f1-bd54-4ea04c40e590,poi/11947686/icon/5042db0bdcb6411c93282f5bc566acc3.jpg,"{'lat': 1.3596368275845803, 'lon': 103.99013120827395}",JUMBO SEAFOOD,11947686,03-202/203/204
L3,03258cb5-e7c4-47f1-bd54-4ea04c40e590,poi/11883667/icon/41efcedb8a8a451bb0f8c4688e26bb42.jpg,"{'lat': 1.3600091388426891, 'lon': 103.9890975724062}",KEI KAISENDON,11883667,03-213
L3,03258cb5-e7c4-47f1-bd54-4ea04c40e590,,"{'lat': 1.3595098271812927, 'lon': 103.99004633832821}",Male Restroom,4a8f8d52-f03a-4439-8d96-e5a4a6d716b1,
L3,03258cb5-e7c4-47f1-bd54-4ea04c40e590,poi/11883665/icon/f18788aeadef4f529af320f6dd534eb5.jpg,"{'lat': 1.3597379077045642, 'lon': 103.98989641804958}",NY CHAR GRILL,11883665,03-227-228
L3,03258cb5-e7c4-47f1-bd54-4ea04c40e590,poi/11883664/icon/e39bceba9d804834b627a468d08d6b5d.jpg,"{'lat': 1.3603313998609532, 'lon': 103.98896666409266}",O'COFFEE CLUB ROASTERY,11883664,03-216
L3,03258cb5-e7c4-47f1-bd54-4ea04c40e590,poi/11883661/icon/56a9b6a18cf7467399109a3954b3a4c5.png,"{'lat': 1.3597798556080842, 'lon': 103.99002175911795}",SANKRANTI,11883661,03-229
L3,03258cb5-e7c4-47f1-bd54-4ea04c40e590,poi/11883662/icon/3a1e91e064af4d97ad6e95253ae08843.png,"{'lat': 1.3598668092493755, 'lon': 103.989395722635}",SANOOK KITCHEN,11883662,03-223-224
L3,03258cb5-e7c4-47f1-bd54-4ea04c40e590,poi/11883655/icon/8fc97f518554422cb88eac00c6ff56e8.jpeg,"{'lat': 1.3596011873195102, 'lon': 103.98998539703885}",SNACK BOX,11883655,03-205
L3,03258cb5-e7c4-47f1-bd54-4ea04c40e590,poi/11883660/icon/8e0eb2c4766949a0a202c0733c489a93.jpg,"{'lat': 1.359742813991792, 'lon': 103.99037330267392}",SOUP RESTAURANT,11883660,03-201
L3,03258cb5-e7c4-47f1-bd54-4ea04c40e590,,"{'lat': 1.3599775845235251, 'lon': 103.99004541307536}",Stairs,0460b9ab-bd79-404a-ac4f-6715bab8645a,
L3,03258cb5-e7c4-47f1-bd54-4ea04c40e590,,"{'lat': 1.3601258213950043, 'lon': 103.98934047438502}",Stairs,0c16c9dc-c448-4435-94ba-7055132fb59e,
L3,03258cb5-e7c4-47f1-bd54-4ea04c40e590,poi/11883659/icon/0b116e861c144b218bc09c08c7144d7b.png,"{'lat': 1.35974423802687, 'lon': 103.98936710941794}",SUSHI TEI,11883659,03-209
L3,03258cb5-e7c4-47f1-bd54-4ea04c40e590,poi/11883658/icon/15e37562f60945bba75ba95e9c8f0335.png,"{'lat': 1.359619006080113, 'lon': 103.98966658852353}",TAI ER SUANCAI & FISH,11883658,03-208
L3,03258cb5-e7c4-47f1-bd54-4ea04c40e590,poi/11975856/icon/fec9de8435f546ca90c45a00ccce9187.jpg,"{'lat': 1.3602297088546558, 'lon': 103.98906098039019}",THE DIGITAL GADGETS,11975856,
L3,03258cb5-e7c4-47f1-bd54-4ea04c40e590,poi/11883657/icon/3d5c22a375294333ae735c9de4acbd8e.jpg,"{'lat': 1.3599262162338566, 'lon': 103.99016782864395}",TSUI WAH,11883657,03-230
L3,03258cb5-e7c4-47f1-bd54-4ea04c40e590,,"{'lat': 1.3594959162971607, 'lon': 103.98990974053424}",Wheelchair Restroom,88115abc-5a2a-4f2c-a0b4-08fcfee35d3f,
L3,03258cb5-e7c4-47f1-bd54-4ea04c40e590,,"{'lat': 1.3598715348150692, 'lon': 103.9890728360915}",Wheelchair Restroom,97d99b8d-96bc-49a6-948d-27eb424d9bca,
L4,245afea0-9653-47d7-bb6a-f882e9de45c1,poi/11884349/icon/e8471f0833604ec98ac3e0772d7d2389.jpg,"{'lat': 1.3604677214420442, 'lon': 103.98999625211151}",ACTIONCITY,11884349,04-224
L4,245afea0-9653-47d7-bb6a-f882e9de45c1,poi/11884400/icon/d57269dcf68c4ac0b9c28f86e98ccee1.jpg,"{'lat': 1.3604202781786772, 'lon': 103.99005538941272}",ACTIONCITY CAFÉ,11884400,04-223
L4,245afea0-9653-47d7-bb6a-f882e9de45c1,poi/11884401/icon/bf5d0f5257624e499dc567ada90f6807.jpg,"{'lat': 1.3601353996091687, 'lon': 103.99024024342498}",ANDERSEN'S OF DENMARK,11884401,04-218
L4,245afea0-9653-47d7-bb6a-f882e9de45c1,poi/11884350/icon/c5b22932142e4080aa163487b609235f.png,"{'lat': 1.3602684990556144, 'lon': 103.99041079790122}",CROCS,11884350,04-208
L4,245afea0-9653-47d7-bb6a-f882e9de45c1,poi/11884352/icon/8258ffc91f474ddb9d63858ac905a780.jpg,"{'lat': 1.360689121176328, 'lon': 103.98923035854756}",CUTTOUR HAIR STUDIO,11884352,04-237
L4,245afea0-9653-47d7-bb6a-f882e9de45c1,poi/11884353/icon/77e124a639a249bcb4fc5c506337505e.jpg,"{'lat': 1.3605694675402302, 'lon': 103.98974627498471}",DJI,11884353,04-226
L4,245afea0-9653-47d7-bb6a-f882e9de45c1,,"{'lat': 1.3601473864208427, 'lon': 103.9901925040545}",Elevator,b10ce757-1538-476e-8ce2-0cd09171c847,
L4,245afea0-9653-47d7-bb6a-f882e9de45c1,,"{'lat': 1.3604887990986902, 'lon': 103.98937988746525}",Elevator,0789ca8f-24d9-4361-91c6-bbc4acf63364,
L4,245afea0-9653-47d7-bb6a-f882e9de45c1,,"{'lat': 1.359948800226517, 'lon': 103.99031303082403}",Escalator,54b26ba8-91f4-4e7a-8f71-44154d9c972d,
L4,245afea0-9653-47d7-bb6a-f882e9de45c1,,"{'lat': 1.3604366239070826, 'lon': 103.98915242721745}",Escalator,7b949bd8-fa9a-418a-a9ee-e6d1240b282a,
L4,245afea0-9653-47d7-bb6a-f882e9de45c1,poi/11884355/icon/a8489a0eb6cb4f8282f6b2f7283b6a6b.jpg,"{'lat': 1.360733367022463, 'lon': 103.98931789612894}",EXPRESSIONS,11884355,04-238
L4,245afea0-9653-47d7-bb6a-f882e9de45c1,,"{'lat': 1.3608688527794446, 'lon': 103.9893318566047}",Female Restroom,ffb9134c-153e-4d17-a1e1-3845d89cf238,
L4,245afea0-9653-47d7-bb6a-f882e9de45c1,,"{'lat': 1.360377598811395, 'lon': 103.99050142092848}",Female Restroom,1c27291d-0864-495d-bb70-595bda03a2a3,
L4,245afea0-9653-47d7-bb6a-f882e9de45c1,poi/11884354/icon/e74c0570dbda48a69074c73684b6985c.jpg,"{'lat': 1.3604907473748384, 'lon': 103.99026350667049}",FILA KIDS,11884354,04-203
L4,245afea0-9653-47d7-bb6a-f882e9de45c1,poi/11884402/icon/529d4b1b736546beade8498a9d3c4527.jpg,"{'lat': 1.360694220080212, 'lon': 103.98982733677502}",FUN TOAST,11884402,04-246
L4,245afea0-9653-47d7-bb6a-f882e9de45c1,poi/11884362/icon/d6339471999b426b80eb1465c5d88c2e.png,"{'lat': 1.360421578010843, 'lon': 103.98926245051082}",GIFT BY CHANGI AIRPORT,11884362,04-233
L4,245afea0-9653-47d7-bb6a-f882e9de45c1,poi/11884403/icon/2a26ce6c0ecd4f93a54a23361ec87e11.png,"{'lat': 1.3605772566186232, 'lon': 103.98953435141243}",HOT TOMATO,11884403,04-229
L4,245afea0-9653-47d7-bb6a-f882e9de45c1,poi/11884404/icon/8079b2f0dac2459ca38783f5fe5e70ed.jpg,"{'lat': 1.3602505487565828, 'lon': 103.99018933483075}",JACK'S PLACE,11884404,04-219
L4,245afea0-9653-47d7-bb6a-f882e9de45c1,poi/11948058/icon/0c7f9fcd05e34802b3f718c3f8cd1de7.jpg,"{'lat': 1.3599141867298898, 'lon': 103.99018607813159}",JEWEL SUITE,11948058,04-214
L4,245afea0-9653-47d7-bb6a-f882e9de45c1,poi/11989603/icon/6ccf453cbd3648259e0d14243721767a.jpg,"{'lat': 1.3606741881756073, 'lon': 103.9896902083255}",Jolly Fields Play Pit,11989603,04-225
L4,245afea0-9653-47d7-bb6a-f882e9de45c1,poi/11977173/icon/7d61f659e6fd4198a16c1804fb5c2abc.jpg,"{'lat': 1.3607774935330035, 'lon': 103.98964341813883}",LENU,11977173,
L4,245afea0-9653-47d7-bb6a-f882e9de45c1,poi/11884406/icon/c718c326e66741c19715ae85b3d71ef6.jpg,"{'lat': 1.36049033161656, 'lon': 103.98931686044776}",LUCKIN COFFEE,11884406,04-231-232
L4,245afea0-9653-47d7-bb6a-f882e9de45c1,poi/11884407/icon/5c1896e3a0ff4877a21f1df447083b00.png,"{'lat': 1.3606098440671228, 'lon': 103.990035929843}",MAMMA MIA TRATTORIA E CAFFÉ,11884407,04-200
L4,245afea0-9653-47d7-bb6a-f882e9de45c1,poi/11884386/icon/0353275df72d4bd18361f2b2efea632e.jpg,"{'lat': 1.3600545119729472, 'lon': 103.99044278264162}",MINMED WELLNESS COLLECTIVE,11884386,"04-209, 04-210, 04-211, 04-212, 04-213, 04-213A"
L4,245afea0-9653-47d7-bb6a-f882e9de45c1,poi/11884388/icon/520aafd54b5c4dce88b5f6e6dfc45f54.jpg,"{'lat': 1.3604174701163747, 'lon': 103.99031941458387}",MY GREATEST CHILD,11884388,04-204/205
L4,245afea0-9653-47d7-bb6a-f882e9de45c1,poi/11884394/icon/e404d2dafc4c48db95f170d9c827b530.png,"{'lat': 1.360026622951066, 'lon': 103.99022758978816}",NATURELAND SPA PREMIUM,11884394,"04-215, 04-216, 04-217"
L4,245afea0-9653-47d7-bb6a-f882e9de45c1,poi/11884408/icon/0a4cbbd491944125950910541df5c314.png,"{'lat': 1.3607715487530578, 'lon': 103.98970772558086}",PARADISE CLASSIC,11884408,04-244-245
L4,245afea0-9653-47d7-bb6a-f882e9de45c1,poi/11884396/icon/ff4dbbc9fa03480184e18a224d734c6a.png,"{'lat': 1.3607492963036436, 'lon': 103.98936809771114}",PICOTA NAIL SPA,11884396,04-239
L4,245afea0-9653-47d7-bb6a-f882e9de45c1,,"{'lat': 1.3603337329471836, 'lon': 103.99013809640034}",Sanrio Characters Pop-up Store,11884395,04-220-221
L4,245afea0-9653-47d7-bb6a-f882e9de45c1,poi/11884398/icon/9f5c222ec15e4aabaa9871e5510eb36a.jpeg,"{'lat': 1.3605840951261268, 'lon': 103.98960605880912}",SPARKLE,11884398,04-228
L4,245afea0-9653-47d7-bb6a-f882e9de45c1,,"{'lat': 1.3602933913381503, 'lon': 103.98932565622972}",Stairs,0617891c-6d83-4787-993c-2464e2d08785,
L4,245afea0-9653-47d7-bb6a-f882e9de45c1,,"{'lat': 1.3597905850632765, 'lon': 103.98989682622464}",Stairs,ee6bf134-9687-470f-9928-2cd336975adc,
L4,245afea0-9653-47d7-bb6a-f882e9de45c1,poi/11948692/icon/ed6311cfda2145bd9b9608c052038d4f.jpg,"{'lat': 1.360772988479008, 'lon': 103.98948705502347}",THE DIGITAL GADGETS,11948692,04-241-242
L4,245afea0-9653-47d7-bb6a-f882e9de45c1,,"{'lat': 1.3602838104214559, 'lon': 103.9905133695725}",Wheelchair Restroom,571cff28-79e7-40a5-85ce-3c5881c78751,
L4,245afea0-9653-47d7-bb6a-f882e9de45c1,,"{'lat': 1.3608123774158358, 'lon': 103.98925055383583}",Wheelchair Restroom,13c237a2-7972-4224-b864-a6d53d173415,
L5,a9f3e4d7-274d-4db6-8a7a-e12691c222a0,poi/11884788/icon/7b315acd856448edbe7edb67aeeb7d50.jpg,"{'lat': 1.360520828135856, 'lon': 103.99029582007392}",ARTEASTIQ,11884788,05D-201
L5,a9f3e4d7-274d-4db6-8a7a-e12691c222a0,poi/11884789/icon/a57651cf8e5e44c4adf0a4a376cb54a6.jpg,"{'lat': 1.3605580827461092, 'lon': 103.99025803826298}",ARTEASTIQ DEPATIO,11884789,05D-200
L5,a9f3e4d7-274d-4db6-8a7a-e12691c222a0,poi/11884790/icon/abf884c587b74bd48915e08a642be378.jpg,"{'lat': 1.360420202840853, 'lon': 103.99001989577052}",BURGER & LOBSTER,11884790,05D-203
L5,a9f3e4d7-274d-4db6-8a7a-e12691c222a0,,"{'lat': 1.3604975548201546, 'lon': 103.9902116006431}",Eatingdrinking,ab5216c1-c00c-4799-92da-d7b4f996404b,
L5,a9f3e4d7-274d-4db6-8a7a-e12691c222a0,,"{'lat': 1.3601473864208427, 'lon': 103.9901925040545}",Elevator,fc6f8db6-39a9-491d-adf5-258e6ed4026f,
L5,a9f3e4d7-274d-4db6-8a7a-e12691c222a0,,"{'lat': 1.3606887201193365, 'lon': 103.98950635579403}",Escalator,ced1a0b5-b5aa-4f28-838a-1d6bd5b679eb,
L5,a9f3e4d7-274d-4db6-8a7a-e12691c222a0,,"{'lat': 1.3601231909177256, 'lon': 103.99049579601105}",HEDGE MAZE,11926647,
L5,a9f3e4d7-274d-4db6-8a7a-e12691c222a0,poi/11884791/icon/26fe2d78b5d44dc9915f7b6361cbc52b.jpg,"{'lat': 1.360675435100671, 'lon': 103.98964406321943}",HITOYOSHI IZAKAYA,11884791,05D-205
L5,a9f3e4d7-274d-4db6-8a7a-e12691c222a0,poi/11884792/icon/a270d9ae992d4ff1b2c3c9d3d5d77c6e.jpg,"{'lat': 1.3608249244098785, 'lon': 103.98960108673103}",KANTIN,11884792,"05D-206, 05D-207"
L5,a9f3e4d7-274d-4db6-8a7a-e12691c222a0,,"{'lat': 1.3599682219419225, 'lon': 103.99021314898353}",MIRROR MAZE,11926509,
L5,a9f3e4d7-274d-4db6-8a7a-e12691c222a0,,"{'lat': 1.3597375935856557, 'lon': 103.98933768128033}",Restroom,b37f0c44-5afd-4304-9330-fc765f90fae6,
L5,a9f3e4d7-274d-4db6-8a7a-e12691c222a0,poi/11884794/icon/e8d31fe2f1ae47a191eccbe7d6a863f3.png,"{'lat': 1.3604663411691846, 'lon': 103.9901405885465}",TANUKI RAW AND THE WORLD IS FLAT,11884794,05D-202