name,Entrance,Exit,Shangri-La Rasa Sentosa,Fort Siloso,SEA Aquarium,Tanjong Beach,Sentosa Golf Club,W Singapore,Capella Singapore,Universal Studios Singapore,Trickeye Singapore,WaterWorld,Silk Road of the Sea,Samundar Indian Fusion Cuisine and Bar,Dragon's Teeth Gate Viewpoint,7-Eleven,Resort World Sentosa,Din Tai Fung,Texas Chicken,Putien,Resorts World Theatre,Equarius Hotel,Scentopia,Skyline Luge Sentosa,iFly Singapore,Adventure Cove Sentosa,Southern Albatross,Michael's Lounge,Krispy Kreme,Starbucks,llaollao,Malaysian Food Street,Osia Steak and Seafood Grill,Feng Shui Inn,Soi Social,Hotel Ora,Crockford's Tower,Central Beach Bazaar,Ola Beach Club,SkyHelix Sentosa,Sentosa SkyJet,KidZania Singapore,Wings of Time,"C-side: Bikini Bar, Coastes, and Sand Bar
",Syun,Sanctuary Tearoom,Rumours Beach Club,Sentosa 4D AdventureLand: Immersive 4D Rides & Shows,The Forum,Oasia Resort Sentosa,The Barracks Hotel Sentosa,The Outpost Hotel Sentosa,Village Hotel Sentosa,Hotel Michael,Mess Hall,The Coffee Bean & Tea Leaf,Baristart Cafe,Gelatissimo,LiHo Tea,Old Chang Kee,Good Old Days Food Court,Mr.Coconut,The Palawan @ Sentosa,+Twelve,Blu Kouzina Sentosa,HydroDash,HyperDrive,HyperDrive Cafe,Splash Tribe,The Palawan Dog Run,The Palawan Food Trucks,UltraGolf ,Sentosa Sensoryscape,Madame Tussauds Singapore,Singapore Cable Car Sky Network,Sentosa Nature Discovery,Female Toilet @ Wings of Time,Male Toilet @ Wings of Time,Toilet @ Beach Station,Vehicle Stand @ Beach Station,Toilet @ iFly Singapore,Toilet @ SensoryScape,Toilet @ Imbiah Station,Imbiah Station,Beach Station,Toilet @ Ola Beach Club,Toilet @ Opp Siloso Beach Resort Station,Toilet @ Siloso beach,Toilet @ Sentosa Cable Car Station,Skypark Sentosa by AJ Hackett,Mega Adventure - Singapore,Sensoryscape: Symphony Streams,Sensoryscape: Glow Garden,Sensoryscape: Palate Playground,Sensoryscape: Hyperzoom,Sensoryscape: Scented Sphere,Sensoryscape: Tactile Trellis,Sensoryscape: Lookout Loop,Sensoryscape: Upper Deck
Entrance,0.0,0.0,3297.068,3378.73,1297.988,3372.378,3004.345,4504.954,2422.245,3403.175,1133.035,3071.932,2377.083,2517.911,3678.379,3226.992,1605.17,1379.216,1435.933,1495.354,1513.106,2279.311,2868.498,2292.413,2220.328,1728.137,1465.641,1669.099,1503.66,1503.542,1530.705,1276.552,1631.06,1710.139,1657.799,1846.844,1694.707,2463.426,2521.808,2090.984,2463.426,2511.158,2430.374,2467.005,1745.796,2359.026,2664.784,2395.442,1428.019,1927.139,2428.397,2615.908,2081.79,3773.768,2099.204,2466.012,2678.423,2353.987,2201.103,2225.891,2230.635,2463.426,2329.683,2472.273,2336.89,2398.433,2358.328,2358.328,2363.254,2351.816,2381.75,2381.932,2141.428,2025.488,2189.903,2163.867,2352.053,2364.654,2262.3,2365.054,2242.569,1962.396,1815.39,1841.753,2225.94,2541.881,2752.211,2875.108,2178.797,2853.0,3014.206,2080.643,2118.324,2141.708,2056.58,2018.276,2016.846,2026.062,1967.244
Exit,0.0,0.0,3309.001,3386.848,1340.01,3440.113,3076.276,4528.298,2489.98,3470.91,1133.035,3139.667,2450.555,2591.384,3577.672,3080.95,1613.288,1387.333,1444.051,1503.471,1521.223,2467.971,2879.839,2294.503,2222.418,1770.055,1507.663,1677.217,1511.778,1511.659,1538.823,1276.552,1639.178,1718.257,1665.916,1775.614,1702.824,2456.846,2522.445,2132.469,2456.846,2482.683,2423.793,2467.642,1714.776,2330.551,2665.421,2403.56,1436.136,1958.597,2399.922,2191.149,2113.247,3834.203,2101.294,2459.432,2679.061,2347.406,2203.193,2227.981,2232.725,2456.846,2331.773,2503.73,2410.363,2471.906,2431.801,2431.801,2436.726,2425.289,2455.223,2455.405,2143.518,2065.937,2231.388,2205.352,2354.143,2358.074,2264.39,2286.643,2244.659,1983.662,1823.507,1873.21,2228.031,2542.518,2763.552,2907.693,2220.281,2864.342,2998.442,2082.733,2120.414,2143.798,2058.67,2020.366,1967.258,2054.448,1969.335
Shangri-La Rasa Sentosa,3297.068,3297.068,0.0,597.323,1932.391,3111.842,3289.594,4726.193,2266.765,3054.248,2105.84,2723.005,1766.239,1907.068,769.599,238.949,1964.691,1827.587,1827.015,1968.317,1950.565,2036.623,695.147,1171.075,1335.206,2520.575,1971.472,1794.572,1960.01,1960.129,1932.966,2067.928,1832.611,1829.97,1805.872,1964.299,1822.991,1274.084,963.162,1132.308,1274.084,2133.249,1241.032,1017.965,1811.039,1970.914,820.186,1024.642,2037.923,1636.445,2040.285,1827.698,1749.795,3413.149,1509.003,1276.671,806.547,1138.089,1322.062,1346.851,1235.307,1274.084,1301.407,1876.614,1726.047,1742.914,1729.317,1729.317,1707.735,1722.805,1770.907,1739.73,1324.514,1195.183,1098.478,1059.55,1279.037,1193.757,1383.26,1637.97,1227.069,1345.044,1666.895,1676.361,1319.522,943.09,769.313,667.293,1102.074,631.386,499.827,1424.609,1346.365,1496.396,1435.87,1490.499,1546.029,1721.052,1507.999
Fort Siloso,3378.73,3378.73,597.323,0.0,2254.641,3407.607,3488.046,4915.665,2531.027,3243.719,2277.768,2912.477,1964.379,2105.207,179.849,463.597,1879.751,1999.515,1983.468,1883.377,1865.625,2152.105,919.794,1395.722,1553.887,2259.791,2086.954,1709.631,1875.07,1875.189,1848.025,2149.591,1747.671,1745.03,1720.932,1848.722,1738.05,1498.732,1169.365,1353.139,1498.732,2308.702,1465.679,1224.168,1726.099,2156.57,1026.389,1245.474,1950.712,1886.581,2225.941,2119.134,1885.213,3607.012,1735.921,1501.318,1012.75,1344.292,1546.709,1571.498,1459.954,1498.732,1526.054,2074.753,1924.187,1967.561,1927.456,1927.456,1932.382,1920.944,1969.046,1951.06,1549.161,1416.015,1319.309,1280.381,1503.684,1399.96,1607.907,1746.963,1445.749,1576.635,1893.813,1909.246,1544.169,1149.292,993.96,891.94,1322.905,837.589,706.029,1649.256,1570.855,1694.536,1634.009,1707.977,1772.947,1971.38,1723.345
SEA Aquarium,1297.988,1297.988,2202.979,2088.844,0.0,2676.28,2322.11,3703.306,1439.02,2115.305,239.047,1788.453,1212.783,1353.611,2407.921,1726.048,315.284,89.329,146.047,205.467,223.219,1127.961,1581.835,976.23,924.414,430.149,167.653,379.213,213.774,213.655,240.819,110.87,341.174,492.923,367.912,477.61,404.821,1138.573,1204.172,834.465,1138.573,1184.679,1105.52,1149.369,416.772,991.061,1347.148,1105.556,138.132,637.253,1060.432,893.146,815.244,2478.597,783.021,1141.159,1360.787,1029.133,905.189,929.977,914.452,1138.573,1013.5,1323.158,1172.591,1234.133,1194.028,1194.028,1198.954,1187.517,1217.451,1217.633,845.514,767.933,933.384,907.348,1035.87,1039.801,966.387,988.639,946.655,685.659,525.503,575.207,909.757,1224.245,1467.731,1609.689,922.278,1568.52,1713.763,784.729,822.41,845.794,760.666,722.362,669.254,736.258,671.331
Tanjong Beach,3372.378,3372.378,3149.951,3374.598,2776.403,0.0,1788.658,3405.904,1890.116,2871.046,2436.863,2544.194,1447.517,1306.688,3546.875,2918.609,2534.826,2687.074,2671.026,2538.453,2520.7,2942.614,2528.808,2011.276,1939.191,3050.3,2948.086,2397.19,2530.146,2530.265,2503.101,2618.255,2435.229,2432.589,2408.49,2460.456,2425.609,1914.198,2171.413,2308.411,1914.198,1813.783,1881.146,2099.153,2413.657,1720.99,2314.39,2579.503,2638.271,1921.049,1874.961,2062.472,2151.934,3234.338,2111.621,1934.242,2328.029,1978.917,1859.337,1829.582,1934.485,1914.198,1814.725,1346.728,1487.71,1591.368,1551.263,1551.263,1556.189,1544.751,1442.85,1574.867,1940.266,2241.879,2407.331,2381.294,1837.095,1923.361,1803.989,1686.587,1961.432,2305.178,2013.679,1990.505,1832.37,2191.486,2412.521,2556.662,2396.224,2513.31,2660.736,1957.129,1973.617,1839.273,1941.883,2083.677,2148.647,2323.67,2099.045
Sentosa Golf Club,3004.345,3004.345,3408.225,3519.932,2313.681,1769.982,0.0,2849.247,1522.997,2503.927,2074.633,2177.075,1800.358,1533.655,3657.516,3096.812,2092.089,2289.932,2273.885,2173.794,2156.042,2576.803,2755.774,2381.574,2309.49,2683.181,2510.344,1921.97,2165.488,2165.606,2138.443,2250.222,1960.009,1957.368,1933.27,2093.337,1950.389,2284.496,2611.225,2122.577,2284.496,1742.804,2106.894,2469.451,1938.437,1590.672,2541.357,2393.668,2241.129,1951.676,1721.189,1908.701,1884.237,2867.219,2270.761,2161.209,2554.996,2204.665,2229.636,2254.424,2304.783,2284.496,2023.015,1573.695,1840.55,1799.659,1759.554,1759.554,1764.48,1753.042,1795.691,1783.158,2277.702,2088.062,2221.496,2227.476,2045.385,2149.109,2012.28,1913.554,2331.731,2005.787,1968.073,1944.898,2202.668,2631.298,2639.487,2783.629,2210.39,2740.277,2887.702,2184.096,2200.584,2209.571,2168.849,2010.474,1989.383,2076.573,1991.459
W Singapore,4504.954,4504.954,5072.959,5021.315,3814.289,3439.851,2964.464,0.0,3093.165,4074.094,3575.242,3713.047,3370.525,3229.696,5469.882,4810.31,3662.257,3861.612,3918.33,3743.961,3726.209,4145.662,4451.815,3951.741,3879.656,4244.334,3981.943,3492.137,3735.654,3735.773,3708.61,3750.831,3530.176,3527.535,3503.437,3663.504,3520.556,3854.663,4094.421,3826.099,3854.663,3354.057,3821.611,4039.618,3508.604,3160.839,4237.397,4097.19,3910.416,3521.843,3291.356,3519.954,3495.49,4437.387,3966.802,3857.25,4251.037,3919.382,3799.803,3824.591,3874.95,3854.663,3737.732,3269.736,3410.718,3514.376,3474.271,3474.271,3479.197,3467.759,3365.858,3497.875,3847.869,3830.394,3925.018,3898.982,3760.102,3863.827,3726.997,3600.937,3901.897,3677.293,3538.239,3515.066,3772.835,4114.494,4335.528,4479.669,3913.912,4436.317,4583.743,3880.137,3896.625,3779.738,3864.89,3938.858,3660.888,3748.079,3662.965
Capella Singapore,2422.245,2422.245,2363.072,2512.954,1425.523,1884.313,1526.278,2953.897,0.0,1550.189,1492.534,1223.337,836.563,695.733,2703.778,2346.893,1138.351,1336.194,1320.147,1220.056,1202.304,1621.757,1917.853,1417.779,1345.694,1729.443,1556.606,968.232,1211.749,1211.868,1184.704,1668.122,1006.271,1003.63,979.532,1139.599,996.651,1320.701,1560.459,1289.045,1320.701,789.066,1287.648,1505.656,984.699,636.934,1858.626,1590.145,1287.391,864.583,767.451,954.962,930.499,1913.481,1287.879,1323.287,1872.265,1385.42,1265.84,inf,inf,inf,inf,735.773,876.755,980.414,940.309,940.309,945.234,933.797,831.895,963.913,1288.552,1235.662,1387.964,1361.928,1226.14,1329.864,1193.034,1075.632,1367.935,1170.247,880.979,857.805,1238.873,1651.077,1956.756,1945.707,1376.858,2057.546,2204.971,1269.318,1306.999,1198.418,1245.255,1206.951,1153.843,1241.033,1155.92
Universal Studios Singapore,3403.175,3403.175,3187.028,3174.047,2086.616,2871.046,2507.208,3999.899,1550.189,0.0,2473.463,321.18,1659.342,1666.618,3364.87,2958.977,1799.444,1997.287,1981.24,1881.149,1863.396,2282.85,2696.7,2147.838,2075.753,2390.536,2217.698,1629.324,1872.842,1872.96,1845.797,2147.363,1667.364,1664.723,1640.625,1800.692,1657.743,2099.548,2339.306,2010.495,2099.548,1497.367,2066.496,2284.503,1645.792,1345.235,2482.282,2281.586,1948.484,1706.24,1475.753,1663.264,1638.8,399.998,1979.321,2102.134,2495.921,2164.267,2044.688,1993.015,2119.835,2099.548,1982.617,1626.579,1684.151,1787.809,1747.704,1747.704,1752.63,1741.192,1654.674,1771.308,1996.853,1943.963,2109.414,2083.378,2004.987,2108.711,1971.881,1838.58,2097.995,1861.689,1722.636,1699.462,2017.719,2359.378,2580.413,2724.554,2098.308,2681.202,2828.628,1960.76,1998.441,1906.72,1936.697,1898.392,1845.285,1932.475,1847.361
Trickeye Singapore,1133.035,1133.035,2403.604,2285.885,239.047,2446.901,2083.063,3464.259,1496.768,2316.737,0.0,1985.494,1409.824,1550.652,2604.962,1923.089,512.325,278.253,334.97,394.391,412.143,1367.008,1758.607,1193.54,1121.455,669.092,406.7,576.254,402.698,402.579,429.742,175.589,538.215,689.964,564.953,693.101,601.862,1335.614,1401.213,1018.357,1335.614,1381.72,1302.561,1366.679,613.813,1188.102,1544.189,1204.26,327.056,857.634,1257.473,1090.187,1012.285,2675.638,1000.331,1338.2,1557.828,1246.443,1102.23,1127.018,1131.762,1335.614,1230.81,1394.315,1369.632,1431.175,1391.07,1391.07,1395.995,1384.557,1414.492,1414.674,1042.555,951.825,1130.425,1104.389,1253.18,1257.111,1163.428,1185.68,1143.696,882.699,722.544,772.248,1127.067,1421.286,1642.32,1786.461,1119.319,1743.109,1890.535,981.77,1019.451,1042.835,957.707,919.403,866.295,953.485,868.372
WaterWorld,3071.932,3071.932,2855.785,2842.804,1755.373,2539.803,2175.966,3674.411,1218.946,331.242,2142.221,0.0,1328.099,1335.376,3033.628,2627.734,1468.201,1666.044,1649.997,1549.906,1532.154,1951.608,2365.457,1816.596,1744.511,2059.293,1886.456,1298.082,1541.599,1541.718,1514.554,1816.12,1336.121,1333.48,1309.382,1469.449,1326.501,1768.305,2008.063,1679.253,1768.305,1166.125,1735.253,1953.26,1314.549,1013.993,2151.04,1950.344,1617.241,1374.997,1144.51,1332.021,1307.558,694.535,1648.078,1770.892,2164.678,1833.025,1713.445,1661.772,1788.592,1768.305,1651.375,1295.337,1352.908,1456.567,1416.462,1416.462,1421.387,1409.95,1323.432,1440.066,1665.611,1612.721,1778.172,1752.135,1673.745,1777.469,1640.639,1507.338,1766.752,1530.447,1391.393,1368.219,1686.477,2028.136,2249.17,2393.312,1767.066,2349.96,2497.385,1629.517,1667.198,1575.477,1605.454,1567.15,1514.042,1601.232,1516.119
Silk Road of the Sea,2377.083,2377.083,1702.434,1927.081,1094.069,1449.34,1670.195,3251.018,836.563,1659.342,1299.46,1332.49,0.0,inf,inf,inf,inf,1004.74,988.693,888.602,870.849,1421.988,1081.29,507.448,432.818,1458.541,1289.34,707.983,880.295,880.414,853.25,1147.943,746.023,743.382,719.284,884.583,743.275,484.138,723.896,872.371,484.138,597.213,482.393,669.093,724.45,419.776,866.872,1143.463,955.937,473.532,573.746,761.257,722.766,2022.634,664.104,486.724,880.511,548.857,368.238,343.45,472.9,484.138,367.207,110.374,40.192,143.851,103.746,103.746,108.672,97.234,4.668,127.35,444.971,805.839,1038.912,1012.876,420.884,524.609,356.472,230.411,457.604,730.438,584.512,561.338,402.31,743.969,965.003,1109.144,1027.806,1065.792,1213.218,497.183,449.786,396.784,562.192,636.16,701.13,808.326,651.528
Samundar Indian Fusion Cuisine and Bar,2517.911,2517.911,1843.262,2067.909,1234.897,1308.511,1529.365,3110.188,695.733,1666.618,1590.81,1339.767,140.828,0.0,2240.186,1582.721,1025.804,1145.568,1129.521,1029.43,1011.678,1554.84,1222.119,689.672,617.587,1694.442,1406.58,848.812,1021.123,1021.242,994.078,1288.771,886.851,884.21,860.112,1025.412,877.231,624.966,864.724,1013.2,624.966,604.49,623.221,809.921,865.279,511.697,1007.701,1284.291,1096.765,614.36,581.023,768.534,744.07,2029.911,804.932,627.553,1021.34,720.993,550.462,525.674,613.728,624.966,508.036,40.039,181.021,284.679,244.574,244.574,249.5,278.756,136.161,268.178,585.799,946.668,1178.387,1152.351,561.713,665.437,497.3,371.24,639.828,871.266,725.34,702.166,543.138,884.797,1105.831,1249.973,1167.281,1206.621,1401.625,638.012,634.555,528.062,703.02,776.988,841.958,1016.981,792.356
Dragon's Teeth Gate Viewpoint,3678.379,3678.379,753.987,179.849,2388.493,3564.271,3668.017,5178.332,2710.998,3435.559,2457.739,3084.734,2121.043,2261.871,0.0,620.261,2059.721,2179.486,2163.439,2063.348,2045.595,2332.076,1076.458,1552.386,1710.551,2525.62,2352.783,1889.602,2055.041,2055.16,2027.996,2449.24,1927.641,1925.0,1900.902,2028.693,1918.021,1655.396,1326.029,1509.803,1655.396,2679.348,1622.344,1380.832,1906.069,2336.541,1183.053,1402.138,2130.683,2020.027,2405.912,2423.266,2297.709,3798.851,1892.585,1657.982,1169.414,1500.956,1703.373,1728.162,1616.618,1655.396,1682.718,2231.417,2080.85,2124.225,2084.12,2084.12,2089.046,2077.608,2125.71,2107.724,1705.825,1572.679,1475.973,1437.045,1660.348,1556.624,1764.571,1995.734,1602.413,1722.539,1881.603,1891.07,1700.833,1305.957,1150.624,1048.604,1479.569,994.253,862.693,1805.92,1727.519,1851.2,1790.673,1864.641,1929.611,2104.634,1880.009
7-Eleven,3226.992,3226.992,238.949,463.597,1937.106,2868.485,3228.499,4751.8,2271.48,2984.172,2099.733,2652.93,1429.665,1570.493,635.873,0.0,1728.013,1847.777,1831.729,1741.571,1713.887,2271.898,495.551,932.126,1018.096,2255.329,2108.789,1557.893,1733.264,1733.383,1706.219,1997.853,1595.932,1591.882,1569.194,1727.62,1596.244,1054.366,732.277,998.582,1054.366,2049.156,1028.591,787.08,1574.36,1899.508,589.3,780.008,1808.906,1428.057,1940.098,1757.622,1679.72,3343.074,inf,inf,inf,inf,1083.113,1107.901,1022.865,1054.366,1088.965,1540.039,1389.472,1432.847,1392.742,1392.742,1397.668,1386.23,1434.332,1430.166,1086.149,950.549,853.843,814.915,1066.595,962.871,1153.612,1399.31,975.753,1211.318,1427.945,1439.683,1082.68,712.204,556.871,467.697,968.348,398.561,242.433,1183.388,1094.716,1228.668,1168.142,1242.109,1307.94,1484.373,1257.477
Resort World Sentosa,1605.17,1605.17,1745.005,1879.751,315.284,2578.142,2095.37,3582.548,1156.424,1906.212,504.207,1579.36,1003.69,1144.518,2198.828,1573.853,0.0,225.955,209.907,109.817,92.064,861.825,1372.742,767.136,695.052,787.194,482.937,170.119,101.51,101.628,91.18,376.03,132.08,283.829,158.819,418.158,195.727,929.479,995.079,625.371,929.479,975.586,896.427,940.276,207.679,781.968,1160.507,896.463,177.152,428.159,851.339,684.052,606.15,2269.504,573.928,954.517,1174.146,820.04,696.095,700.614,705.359,929.479,804.407,1114.064,963.497,1025.04,984.935,984.935,989.861,978.423,1008.357,1008.539,636.421,558.839,724.29,698.254,847.046,830.707,757.293,779.546,717.293,476.565,312.652,366.113,700.664,1015.151,1258.637,1400.596,713.184,1357.244,1504.67,575.636,593.047,616.431,551.573,513.268,460.161,527.164,462.237
Din Tai Fung,1379.216,1379.216,2113.65,1999.515,89.329,2586.951,2306.71,3742.511,1349.691,2025.976,278.253,1699.124,1123.454,1264.282,2318.592,1693.617,225.955,0.0,56.718,116.138,133.89,1158.59,1492.506,886.901,814.816,519.374,256.982,289.884,124.445,124.326,151.49,150.076,251.845,403.594,278.583,451.156,315.491,1049.243,1114.843,745.136,1049.243,1095.35,1016.191,1060.04,327.443,901.732,1280.271,1016.227,48.803,547.923,971.103,803.817,725.914,2389.268,693.692,1051.83,1293.91,939.804,815.86,820.379,825.123,1049.243,924.171,1233.828,1083.261,1144.804,1104.699,1104.699,1109.625,1098.187,1128.121,1128.303,756.185,678.604,844.055,818.018,946.541,950.472,877.057,899.31,837.057,596.329,436.174,485.877,820.428,1134.916,1378.402,1520.36,832.949,1477.008,1624.434,695.4,733.081,756.465,671.337,633.033,579.925,646.928,582.001
Texas Chicken,1435.933,1435.933,1850.112,1983.468,146.047,2570.904,2290.663,3686.265,1315.296,2009.929,334.97,1683.077,1107.407,1248.235,2302.545,1677.57,209.907,56.718,0.0,100.091,117.843,923.11,1478.642,891.123,819.038,576.091,313.7,273.837,108.398,108.279,135.443,206.793,235.797,314.877,262.536,507.874,299.444,1033.196,1098.796,729.089,1033.196,1079.303,1000.144,1043.993,311.396,885.685,1241.772,1000.18,32.756,555.216,955.056,787.769,709.867,2373.221,677.645,1035.783,1255.411,923.757,799.812,824.601,829.345,1033.196,908.124,1217.781,1067.214,1128.757,1088.652,1088.652,1093.578,1082.14,1112.074,1112.256,740.138,662.557,828.008,801.971,930.494,934.424,861.01,883.263,841.279,580.282,420.127,469.83,824.65,1118.869,1339.903,1504.313,816.901,1463.144,1610.57,679.353,717.034,740.418,655.29,616.986,563.878,630.881,565.954
Putien,1495.354,1495.354,1748.632,1883.377,205.467,2470.813,2190.572,3586.174,1201.536,1909.838,394.391,1582.986,1007.316,1148.144,2202.454,1577.479,109.817,116.138,100.091,0.0,17.752,805.997,1376.368,770.763,698.678,635.512,inf,inf,inf,inf,35.352,266.214,135.707,214.786,162.445,281.655,199.353,933.105,998.705,628.998,933.105,979.212,900.053,943.902,211.305,785.594,1164.133,900.089,67.335,431.785,854.965,687.678,609.776,2273.13,577.554,935.692,1177.772,823.666,699.721,704.241,708.985,933.105,808.033,1117.69,967.124,1028.666,988.561,988.561,993.487,982.049,1011.983,1012.165,640.047,562.466,727.917,701.88,830.403,834.334,760.919,783.172,720.919,480.191,320.036,369.739,704.29,1018.778,1262.264,1404.222,716.811,1360.87,1508.296,579.262,616.943,640.327,555.199,516.895,463.787,530.79,465.863
Resorts World Theatre,1513.106,1513.106,1730.879,1865.625,223.219,2453.061,2172.82,3568.422,1183.784,1892.086,420.26,1565.234,989.564,1130.392,2184.702,1559.727,92.064,133.89,117.843,17.752,0.0,788.244,1358.616,753.01,680.925,653.264,390.872,155.993,9.445,9.564,17.599,283.966,117.954,197.033,144.693,263.902,181.601,915.353,980.953,611.245,915.353,961.46,882.301,926.15,193.553,767.842,1146.381,882.337,85.087,414.033,837.213,669.926,592.024,2255.378,559.801,917.94,1160.02,805.914,681.969,686.488,691.233,915.353,790.281,1099.938,949.371,1010.914,970.809,970.809,975.735,964.297,994.231,994.413,622.295,544.713,710.164,684.128,812.651,816.581,743.167,765.42,703.167,462.439,302.284,351.987,686.538,1001.025,1244.511,1386.47,699.058,1343.118,1490.544,561.51,599.191,622.574,537.447,499.142,446.035,513.038,448.111
Equarius Hotel,2279.311,2279.311,2019.454,2169.336,964.092,2947.802,2618.635,4041.699,1661.616,2369.753,1220.37,2038.511,1504.574,1645.402,2416.378,1857.938,954.512,1070.652,1127.37,898.684,880.931,0.0,1933.858,1348.522,1276.437,689.404,796.405,835.666,890.377,890.495,863.332,1092.193,873.705,751.357,846.966,599.798,864.085,1566.385,1556.528,1186.488,1566.385,1434.737,1477.812,1521.661,852.133,1287.16,1719.44,1457.579,890.563,1012.615,1356.531,1245.168,1167.266,2728.655,1155.313,1568.971,1733.079,1401.425,1257.211,1282.0,1286.744,1566.385,1385.792,1568.504,1464.382,1525.924,1485.819,1485.819,1490.745,1479.307,1509.241,1509.423,1197.537,1119.956,1285.407,1259.37,1408.162,1412.093,1318.409,1340.662,1298.678,1037.681,877.526,927.229,1282.049,1596.537,1817.571,1961.713,1274.3,1918.36,2100.372,1136.752,1174.433,1197.817,1112.689,1074.385,1021.277,1108.467,1023.353
Scentopia,2868.498,2868.498,695.147,943.494,1588.544,2509.584,2843.708,4393.305,1886.689,2625.677,1770.02,2294.435,1070.179,1211.007,1115.771,475.416,1379.45,1499.214,1483.167,1383.076,1365.324,1924.681,0.0,608.096,775.562,1896.835,1795.678,1197.001,1374.77,1374.888,1347.725,1639.358,1235.04,1234.797,1208.301,1379.058,1227.817,711.105,381.739,1066.213,711.105,1690.661,678.053,436.542,1213.468,1538.529,238.763,958.547,1450.411,1041.272,1581.603,1399.127,1321.225,2984.579,911.432,713.692,225.124,556.666,759.083,783.872,672.328,711.105,738.428,1180.554,1029.987,1073.362,1033.257,1033.257,1038.182,1026.745,1074.847,1056.861,inf,inf,inf,inf,716.058,612.334,820.281,1040.815,658.123,1117.319,1069.324,1081.188,756.543,361.666,116.287,27.854,1035.979,82.205,258.357,824.767,755.575,870.047,809.52,883.488,948.458,1123.481,898.856
Skyline Luge Sentosa,2292.413,2292.413,1186.181,1434.528,976.23,1948.072,2293.919,3832.234,1336.9,2045.202,1191.45,1718.35,560.273,701.102,1606.804,947.232,793.433,886.901,870.854,797.059,779.307,1337.318,588.737,0.0,88.602,1373.871,1174.209,623.313,788.752,788.871,761.707,1063.273,645.168,658.712,618.429,793.041,651.732,165.744,224.125,680.108,165.744,1114.576,132.691,176.54,639.78,962.444,386.547,854.215,864.394,550.474,1031.815,823.042,745.14,2408.494,321.56,168.33,400.186,56.304,206.077,188.335,117.395,165.744,193.066,670.648,520.081,563.456,523.351,523.351,528.277,523.543,564.941,546.955,208.529,613.576,780.38,754.344,170.696,66.972,224.745,464.441,49.844,531.301,483.955,505.103,201.61,244.198,473.567,616.591,769.274,573.239,720.665,239.397,247.279,325.149,224.151,298.119,358.586,549.793,313.486
iFly Singapore,2220.328,2220.328,1271.383,1519.729,930.441,1958.046,2221.834,3760.149,1278.484,1973.117,1119.365,1646.265,556.268,697.096,1692.006,1032.433,721.348,841.112,825.065,724.974,707.222,1245.298,675.056,88.602,0.0,1301.786,1098.094,551.228,716.667,716.786,689.622,991.188,589.268,586.627,562.529,720.956,579.648,250.945,310.851,608.023,250.945,1042.491,217.893,261.742,592.094,890.359,453.827,782.13,792.309,393.102,959.73,750.957,673.055,2336.409,249.475,253.532,467.466,145.09,95.123,119.912,93.933,250.945,220.043,533.258,516.075,577.618,472.209,472.209,542.439,465.697,560.935,561.117,78.9,541.491,708.295,682.259,242.412,227.952,138.421,392.356,38.759,459.216,423.552,457.416,92.583,330.924,558.768,702.91,697.189,658.441,805.867,167.312,90.322,199.4,163.748,221.531,331.467,502.106,253.083
Adventure Cove Sentosa,1728.137,1728.137,2095.81,2245.692,430.149,3086.16,2668.632,4133.454,1711.613,2549.844,669.196,2218.602,1580.93,1680.343,2492.733,1934.294,745.432,519.478,576.195,635.616,653.368,697.916,2011.984,1426.648,1354.563,0.0,262.461,809.362,643.923,643.804,670.968,541.019,771.322,688.439,798.061,554.11,834.969,1588.99,1654.59,1264.614,1588.99,1614.828,1555.938,1599.787,846.921,1337.156,1797.566,1535.705,568.281,1090.741,1406.527,1323.294,1245.392,2908.746,1233.439,1591.577,1811.205,1479.551,1335.337,1360.126,1364.87,1588.99,1463.918,1640.304,1540.737,1604.05,1562.175,1562.175,1567.101,1555.663,1585.597,1587.549,1275.663,1198.082,1363.533,1337.496,1486.288,1490.219,1396.535,1499.289,1376.804,1115.807,955.652,1005.355,1360.175,1674.663,1895.697,2039.838,1352.426,1996.486,2249.604,1214.878,1252.559,1275.943,1190.815,1152.51,1099.403,1186.593,1101.479
Southern Albatross,1465.641,1465.641,1922.868,2072.75,167.653,2843.933,2489.763,3870.959,1533.17,2282.958,472.36,1956.106,1380.436,1521.264,2319.792,1761.353,482.937,256.982,313.7,373.12,390.872,960.274,1729.219,1164.152,1092.067,inf,0.0,inf,inf,inf,408.472,278.523,508.827,515.497,535.565,381.169,572.474,1306.225,1371.825,1002.118,1306.225,1352.332,1273.173,1317.022,584.425,1186.019,1514.801,1174.872,305.785,828.246,1255.39,1060.799,982.896,2646.25,970.943,1308.812,1528.44,1217.055,1072.842,1097.63,1102.374,1306.225,1201.422,1490.81,1340.244,1401.786,1361.682,1361.682,1366.607,1355.169,1385.104,1385.286,1013.167,935.586,1101.037,1075.0,1203.523,1227.723,1134.04,1156.292,1114.308,853.312,693.156,742.86,1097.679,1391.898,1612.932,1757.073,1089.931,1713.721,1861.147,952.382,990.063,1013.447,928.319,890.015,836.907,924.097,838.984
Michael's Lounge,1669.099,1669.099,1574.886,1709.631,379.213,2386.873,2016.827,3412.428,1027.791,1736.092,568.136,1409.24,833.57,974.399,2028.708,1403.733,170.119,289.884,273.837,173.746,155.993,772.38,1202.622,597.017,524.932,802.044,546.866,0.0,165.439,165.558,138.394,439.96,38.039,113.71,11.3,248.039,88.649,779.629,824.959,455.252,779.629,805.466,726.307,770.156,76.697,611.848,988.205,726.343,241.081,272.928,681.219,513.933,436.031,2099.385,403.808,782.215,1001.844,649.92,505.707,530.495,535.239,779.629,634.287,943.945,793.378,854.921,814.816,814.816,819.741,808.304,838.238,858.689,446.032,388.72,554.171,528.135,656.657,660.588,566.904,609.426,547.173,306.446,146.29,195.994,530.544,867.484,1086.335,1230.476,543.065,1187.124,1334.55,385.247,422.928,446.312,361.184,343.149,290.041,357.045,271.849
Krispy Kreme,1503.66,1503.66,1740.325,1875.07,213.774,2462.506,2182.266,3577.867,1193.23,1901.531,410.815,1574.679,999.009,1139.838,2194.147,1569.172,101.51,124.445,108.398,8.307,9.445,797.69,1368.061,762.456,690.371,643.818,423.293,165.439,0.0,0.119,27.045,274.521,127.4,206.479,154.138,273.348,191.047,924.799,990.398,620.691,924.799,970.905,891.746,935.595,202.998,777.287,1155.826,891.782,75.642,423.479,846.658,679.372,601.47,2264.823,569.247,927.385,1169.465,815.359,691.415,695.934,700.678,924.799,799.726,1109.384,958.817,1020.36,980.255,980.255,985.18,973.743,1003.677,1003.859,631.74,554.159,719.61,693.574,822.096,826.027,752.613,774.865,712.612,471.885,311.729,361.433,695.983,1010.471,1253.957,1395.916,708.504,1352.563,1499.989,570.955,608.636,632.02,546.892,508.588,455.48,522.484,457.557
Starbucks,1503.542,1503.542,1740.444,1875.189,213.655,2462.625,2182.384,3577.986,1193.348,1901.65,410.696,1574.798,999.128,1139.956,2194.266,1569.291,101.628,124.326,108.279,8.188,9.564,797.809,1368.18,762.575,690.49,643.7,423.174,165.558,0.119,0.0,27.164,274.402,127.518,206.598,154.257,273.467,191.165,924.917,990.517,620.81,924.917,971.024,891.865,935.714,203.117,777.406,1155.945,891.901,75.523,423.597,846.777,679.49,601.588,2264.942,569.366,927.504,1169.584,815.478,691.533,696.053,700.797,924.917,799.845,1109.502,958.935,1020.478,980.373,980.373,985.299,973.861,1003.795,1003.977,631.859,554.278,719.729,693.692,inf,inf,inf,inf,712.731,472.003,311.848,361.551,696.102,1010.589,1254.076,1396.034,708.622,1352.682,1500.108,571.074,608.755,632.139,547.011,508.707,455.599,522.602,457.675
llaollao,1530.705,1530.705,1713.28,1848.025,240.819,2546.417,2123.204,3550.822,1166.185,1874.486,429.742,1547.635,971.964,1112.793,2167.102,1542.127,125.324,151.49,135.443,35.352,17.599,770.645,1341.016,735.411,663.326,670.863,408.472,138.394,27.045,27.164,0.0,301.566,100.355,252.104,127.094,246.303,164.002,897.754,963.353,593.646,897.754,943.86,864.701,908.55,215.091,750.242,1128.781,864.737,102.687,396.434,819.613,652.327,574.425,2237.779,542.202,922.792,1142.42,788.314,664.37,668.889,673.633,897.754,772.681,1082.339,931.772,993.315,953.21,953.21,958.135,946.698,976.632,976.814,604.695,527.114,692.565,666.529,795.051,798.982,725.568,747.82,685.567,444.84,280.927,334.388,668.938,983.426,1226.912,1368.871,681.459,1325.519,1472.944,543.91,561.322,584.706,519.847,481.543,428.435,495.439,430.512
Malaysian Food Street,1276.552,1276.552,2079.861,2157.708,110.87,2622.49,2258.652,3710.674,1475.868,2184.169,175.589,1852.927,1221.415,1362.244,2348.532,1851.81,384.148,158.193,214.911,274.331,292.084,1238.831,1650.699,1065.363,993.278,540.915,278.523,448.077,282.638,282.519,309.683,0.0,410.038,489.117,436.777,546.474,473.685,1227.706,1293.305,903.329,1227.706,1253.543,1194.654,1238.502,485.637,1101.411,1436.282,1174.42,206.996,729.457,1170.782,962.01,884.108,2547.461,872.154,1230.292,1449.921,1118.267,974.053,998.841,1003.585,1227.706,1102.633,1274.591,1181.223,1242.766,1202.661,1202.661,1207.586,1196.149,1226.083,1226.265,914.378,836.797,1002.248,976.212,1125.003,1128.934,1035.251,1057.503,1015.519,754.523,594.367,644.071,998.89,1313.378,1534.412,1678.554,991.142,1635.202,1769.302,853.593,891.274,914.658,829.53,791.226,738.118,825.308,740.195
Osia Steak and Seafood Grill,1631.06,1631.06,1612.925,1747.671,341.174,2424.912,2054.866,3450.468,1065.83,1774.131,530.097,1447.28,871.609,1012.438,2066.747,1441.772,132.08,251.845,235.797,135.707,117.954,810.42,1240.661,635.056,562.971,712.518,508.827,38.039,127.4,127.518,100.355,401.92,0.0,151.749,26.739,286.078,97.794,817.668,862.998,493.291,817.668,843.505,764.347,808.195,109.746,649.887,1026.244,764.382,203.042,310.967,719.258,551.972,474.07,2137.424,441.847,808.572,1039.883,687.959,543.746,568.534,573.279,817.668,672.326,981.984,831.417,892.96,852.855,852.855,857.781,846.343,876.277,896.728,484.071,426.759,592.21,566.174,694.696,698.627,625.213,647.466,585.212,344.485,184.33,234.033,568.583,905.523,1124.374,1252.331,581.104,1225.164,1372.589,423.286,460.967,484.351,399.223,381.188,328.08,395.084,330.157
Feng Shui Inn,1710.139,1710.139,1610.284,1745.03,420.253,2422.272,2047.822,3475.441,1072.73,1799.104,609.176,1472.253,868.969,1037.729,inf,inf,inf,inf,314.877,214.786,197.033,658.671,1238.021,632.415,560.331,688.334,533.947,113.71,206.479,206.598,179.434,480.999,151.749,0.0,125.01,134.329,142.129,817.21,860.358,490.65,817.21,868.478,761.706,805.555,130.177,716.346,1025.786,761.742,282.121,293.438,785.717,549.331,471.429,2162.397,439.207,817.614,1039.425,685.319,541.105,565.893,570.638,817.21,669.686,979.343,828.776,890.319,850.214,850.214,855.14,843.702,873.636,873.818,501.7,424.118,589.569,563.533,692.056,695.986,602.303,644.825,582.572,341.844,181.689,231.392,565.943,880.43,1121.734,1265.875,578.463,1222.523,1369.949,420.646,458.326,481.71,416.852,378.547,325.44,392.443,327.516
Soi Social,1657.799,1657.799,1586.187,1720.932,367.912,2398.174,2028.127,3423.729,1039.091,1747.392,556.836,1420.541,844.871,985.699,2040.009,1415.034,158.819,278.583,262.536,162.445,144.693,783.681,1213.923,608.317,536.232,813.345,535.565,11.3,154.138,154.257,127.094,428.659,26.739,125.01,0.0,259.339,99.949,790.929,836.26,466.552,790.929,816.767,737.608,781.457,87.997,623.149,999.505,737.644,229.78,284.228,692.52,525.233,447.331,2110.685,415.109,793.516,1013.144,661.221,517.007,541.795,546.54,790.929,645.588,957.742,804.678,866.221,826.116,826.116,831.042,819.604,849.538,869.989,457.332,400.02,565.471,539.435,667.958,671.888,598.474,620.727,558.474,317.746,157.591,207.294,541.845,876.601,1097.636,1241.777,554.365,1198.425,1345.851,396.548,434.228,457.612,372.484,354.449,301.342,368.345,303.418
Hotel Ora,1846.844,1846.844,1801.511,1848.722,487.122,2406.998,2096.618,3542.31,1139.599,1865.973,666.534,1539.122,1003.297,1104.599,2095.764,1573.46,337.483,397.793,381.746,281.655,263.902,599.798,1352.08,787.013,714.928,554.006,399.618,248.039,273.348,273.467,246.303,659.726,286.078,134.329,259.339,0.0,276.458,929.087,994.686,624.979,929.087,935.348,896.035,939.883,264.506,783.216,1137.663,896.07,348.99,451.107,852.586,683.66,605.758,2229.266,593.804,931.673,1151.302,839.917,695.703,720.491,725.236,929.087,824.284,1064.56,963.105,1024.648,984.543,984.543,989.469,978.031,1007.965,1008.147,636.028,558.447,723.898,697.862,826.384,850.584,756.901,779.154,737.169,476.173,347.231,396.935,720.541,1014.759,1235.793,1379.935,712.792,1336.583,1484.008,575.244,612.924,636.308,551.18,512.876,459.768,546.958,461.845
Crockford's Tower,1694.707,1694.707,1651.222,1738.05,404.821,2415.292,2013.229,3440.847,1056.21,1764.511,593.744,1437.66,861.989,1002.818,2057.127,1432.152,195.727,315.491,299.444,199.353,181.601,800.8,1231.041,625.436,553.351,776.165,572.474,88.649,191.047,191.165,164.002,465.567,126.688,142.129,99.949,276.458,0.0,808.048,853.378,483.671,808.048,833.885,754.727,798.575,11.952,640.267,1016.624,754.762,266.688,301.347,709.638,542.352,464.45,2127.803,432.227,794.45,1030.263,678.339,554.395,558.914,563.658,808.048,662.706,972.364,821.797,883.34,843.235,843.235,848.16,836.723,866.657,869.336,474.451,417.139,582.59,556.554,685.076,689.007,615.593,637.845,inf,inf,inf,inf,558.963,895.903,1114.754,1258.896,571.484,1215.543,1362.969,413.666,451.347,474.731,389.603,371.568,318.46,385.464,372.312
Central Beach Bazaar,2463.426,2463.426,1284.204,1532.551,1173.539,1937.13,2154.333,3735.156,1396.487,2220.605,1336.166,1889.363,484.138,624.966,1704.828,1045.255,963.036,1084.21,1068.163,968.072,950.32,1575.661,686.76,165.744,250.945,1518.059,1318.926,777.514,959.765,959.884,932.72,1234.286,815.554,828.315,788.815,962.644,821.336,0.0,329.366,851.121,0.0,1042.66,56.556,274.563,805.707,865.223,472.343,1025.228,1035.407,636.2,1019.193,994.055,916.153,2579.507,491.946,61.816,485.982,154.327,257.12,281.908,232.791,0.0,116.931,594.512,443.946,487.321,447.216,447.216,452.141,440.704,488.805,470.82,305.186,784.589,951.393,925.357,94.561,98.772,184.313,396.294,212.186,702.314,649.838,674.706,317.006,349.439,570.473,703.504,940.287,671.263,818.688,405.28,353.942,450.56,390.034,464.002,528.972,703.994,479.369
Ola Beach Club,2521.808,2521.808,944.718,1193.065,1205.625,2167.997,2523.314,4046.615,1598.08,2274.596,1420.845,1947.745,723.896,864.724,1365.341,722.509,1022.828,1116.295,1100.248,1000.157,982.405,1634.043,404.96,225.619,310.821,1599.508,1377.307,862.64,991.851,991.969,991.102,1292.668,900.68,933.49,873.941,1022.435,926.511,329.366,0.0,909.503,329.366,1343.97,296.314,54.803,879.108,1165.542,142.976,1083.61,1067.492,779.869,1261.209,1052.437,974.535,2637.889,567.14,331.953,156.615,174.926,377.928,402.716,298.39,329.366,356.689,834.27,683.704,727.078,686.973,686.973,691.899,680.461,728.563,710.578,376.787,842.971,1009.775,983.738,334.319,230.594,450.151,694.125,272.062,760.696,734.964,744.43,394.37,20.073,325.516,377.106,998.669,341.92,489.346,506.126,388.209,522.162,461.635,549.468,602.755,789.12,550.971
SkyHelix Sentosa,2090.984,2090.984,1132.308,1356.955,801.098,2331.12,2092.49,3520.109,1135.471,1843.773,990.021,1516.921,870.146,1010.975,1529.232,956.033,592.004,711.768,695.721,595.63,577.878,1115.954,1066.213,633.593,561.508,1172.442,968.751,421.885,587.324,587.442,560.279,861.844,459.924,457.283,433.185,591.612,450.304,915.677,861.535,0.0,915.677,913.147,762.884,806.732,438.352,761.015,1004.512,185.428,662.966,389.061,830.386,687.421,543.711,2207.065,431.774,918.264,1018.151,686.497,542.283,567.071,571.815,915.677,670.863,980.521,829.954,891.497,851.392,851.392,856.318,844.88,874.814,874.996,482.608,75.549,110.069,84.033,693.233,697.164,603.481,842.16,583.749,226.445,294.208,303.674,567.12,881.608,1140.378,1038.358,98.963,984.007,821.748,421.823,459.504,482.888,397.76,359.456,306.348,427.422,308.425
Sentosa SkyJet,2463.426,2463.426,1284.204,1532.551,1173.539,1937.13,2154.333,3735.156,1396.487,2220.605,1336.166,1889.363,484.138,624.966,1704.828,1045.255,963.036,1084.21,1068.163,968.072,950.32,1575.661,686.76,165.744,250.945,1518.059,1318.926,777.514,959.765,959.884,932.72,1234.286,815.554,828.315,788.815,962.644,821.336,0.0,329.366,851.121,0.0,1042.66,56.556,274.563,805.707,865.223,472.343,1025.228,1035.407,636.2,1019.193,994.055,916.153,2579.507,491.946,61.816,485.982,154.327,257.12,281.908,232.791,0.0,116.931,594.512,443.946,487.321,447.216,447.216,452.141,440.704,488.805,470.82,305.186,784.589,951.393,925.357,94.561,98.772,184.313,396.294,212.186,702.314,649.838,674.706,317.006,349.439,570.473,703.504,940.287,671.263,818.688,405.28,353.942,450.56,390.034,464.002,528.972,703.994,479.369
KidZania Singapore,2511.158,inf,inf,inf,inf,1822.245,1746.085,3173.704,789.066,1501.758,1410.195,1170.516,512.568,604.49,2510.99,1908.421,934.1,1131.943,1115.896,1015.805,998.052,1417.506,1549.927,1083.857,1011.772,1525.191,1352.354,763.98,1007.498,1007.616,980.453,1282.018,802.019,799.379,775.281,935.348,792.399,952.775,1192.533,946.514,952.775,0.0,919.722,1137.73,780.447,257.801,1335.509,1217.605,1083.14,642.258,411.772,599.283,574.819,1860.66,915.339,955.361,1349.148,1017.494,897.914,846.242,1022.08,952.775,835.844,564.451,537.377,641.036,600.931,600.931,605.857,594.419,507.901,624.535,932.872,879.982,1045.433,1019.397,858.214,961.938,825.108,691.807,1034.014,797.708,658.655,635.481,870.947,1212.605,1433.64,1577.781,1034.327,1534.429,1681.855,896.779,934.459,842.739,872.715,834.411,781.303,868.494,783.38
Wings of Time,2430.374,2430.374,1251.152,1499.499,1114.191,1894.314,2121.281,3702.104,1363.435,2183.162,1329.411,1856.311,451.086,591.914,1671.776,1012.203,941.326,1051.158,1008.815,980.404,927.2,1542.609,654.825,132.691,217.893,1485.007,1285.874,756.188,972.097,972.216,909.6,1201.234,794.227,806.605,767.488,940.934,788.283,56.556,296.314,818.069,56.556,1009.608,0.0,241.511,777.742,832.171,456.324,992.176,1002.355,631.438,986.141,961.003,883.101,2546.455,458.894,59.143,469.963,121.275,224.067,248.856,199.739,56.556,83.879,561.46,410.893,454.268,414.163,414.163,419.089,407.651,455.753,437.767,272.134,751.537,918.341,892.305,61.509,65.72,151.261,363.242,179.134,669.262,616.786,643.064,197.1,316.387,536.872,682.68,907.235,637.661,785.636,372.228,320.89,417.508,356.982,430.95,495.919,698.026,446.317
"C-side: Bikini Bar, Coastes, and Sand Bar
",2467.005,2467.005,1009.641,1257.988,1150.822,2132.368,2468.511,3991.812,1543.277,2219.793,1366.042,1892.942,669.093,809.921,1430.265,787.432,968.025,1061.493,1045.445,945.355,953.899,1579.24,446.662,183.014,261.742,1548.463,1322.505,807.837,963.344,963.463,936.299,1237.865,845.877,878.688,819.138,967.632,871.708,274.563,54.803,854.7,274.563,1289.168,241.511,0.0,824.304,1110.739,197.779,1028.807,1012.69,725.066,1206.407,997.634,919.732,2583.086,522.269,277.15,211.418,120.124,323.125,347.913,243.587,274.563,301.886,779.467,628.901,672.276,632.171,632.171,637.096,625.659,673.761,655.775,327.708,788.168,954.972,928.936,279.516,175.792,395.348,639.322,222.983,730.291,680.161,725.079,339.568,74.876,284.799,418.808,943.866,396.699,544.125,451.323,339.13,473.083,412.556,484.393,547.952,734.317,501.892
Syun,1745.796,1745.796,1639.271,1726.099,455.91,2403.341,2001.277,3428.896,1044.258,1752.559,644.833,1425.708,850.037,990.866,2045.176,1420.2,207.679,327.443,350.533,211.305,193.553,788.848,1219.089,613.484,541.399,830.9,623.563,117.139,202.998,203.117,175.953,516.656,114.736,130.177,87.997,264.506,11.952,796.096,inf,inf,inf,inf,742.775,786.623,0.0,628.315,1004.672,742.81,278.64,289.395,697.686,530.4,452.498,2115.852,420.275,782.498,1018.311,666.388,542.443,546.962,551.706,796.096,650.754,960.412,809.845,871.388,831.283,831.283,836.209,824.771,854.705,875.156,462.499,405.187,570.638,544.602,673.124,677.055,603.641,625.894,563.64,322.913,162.758,212.461,547.011,883.951,1102.802,1246.944,559.532,1203.592,1351.017,401.714,439.395,462.779,377.651,359.616,306.508,373.512,288.316
Sanctuary Tearoom,2359.026,2359.026,1961.933,2156.57,991.061,1729.452,1593.953,3021.572,667.256,1345.235,1179.985,1018.384,419.776,427.052,2367.838,1846.936,778.21,897.974,963.763,781.836,764.084,1265.374,1485.682,956.416,884.331,1398.147,1194.451,625.866,773.529,773.648,746.484,1129.886,649.887,647.247,637.167,783.216,640.267,859.982,1164.089,794.382,859.982,257.801,826.93,1109.286,628.315,0.0,1242.716,1065.473,849.171,490.126,259.64,447.151,422.687,1708.528,742.938,862.568,1256.355,924.701,865.106,753.449,894.639,859.982,743.051,387.014,444.585,548.243,508.138,508.138,513.064,501.626,415.108,531.742,805.431,727.85,893.301,867.265,765.421,869.145,732.315,599.015,906.572,645.576,506.523,483.348,778.154,1184.162,1340.847,1513.537,882.195,1437.777,1585.203,744.647,782.327,805.711,720.583,682.279,629.171,696.175,631.248
Rumours Beach Club,2664.784,2664.784,801.742,1050.088,1348.601,2306.277,2698.075,4189.591,1749.508,2417.573,1563.821,2090.721,866.872,1007.701,1222.365,562.792,1165.804,1259.272,1243.225,1169.43,1151.678,1709.689,261.984,368.596,453.797,1719.418,1520.284,1005.617,1161.124,1161.242,1134.079,1435.644,1043.656,1076.467,1016.917,1165.412,1069.488,472.343,142.976,1052.479,472.343,1486.947,439.291,197.779,1022.084,1308.518,0.0,1065.99,1210.469,922.845,1377.889,1195.413,1117.511,2780.865,720.048,474.929,13.639,399.046,520.904,545.693,434.149,472.343,499.665,977.247,826.68,870.055,829.95,829.95,834.876,823.438,871.54,853.554,519.764,985.947,1139.825,1100.897,477.295,373.571,593.127,837.101,415.039,903.673,877.94,887.406,537.347,122.904,87.02,234.129,1140.292,198.944,346.37,649.103,531.186,665.138,604.612,682.172,745.732,932.097,693.947
Sentosa 4D AdventureLand: Immersive 4D Rides & Shows,2395.442,2395.442,1024.642,1249.289,1105.556,2636.015,2428.966,3824.568,1471.947,2148.231,1290.722,1821.38,1090.769,1231.597,1421.566,843.131,896.463,1016.227,1000.18,900.089,882.337,1507.678,958.547,854.215,782.13,1476.901,1277.239,726.343,891.782,891.901,864.737,1166.303,764.382,761.742,737.644,896.07,754.762,1016.558,1082.157,185.428,1016.558,1217.605,983.506,1027.355,742.81,1065.473,1065.141,0.0,967.424,693.519,1134.844,926.072,848.17,2511.524,516.471,1019.145,1051.502,907.119,762.905,787.693,792.438,1016.558,891.486,1238.653,1050.576,1112.119,1072.014,1072.014,1076.94,1065.502,1095.436,1095.618,703.23,248.304,73.836,127.46,913.856,917.786,inf,inf,inf,inf,598.667,608.133,787.743,1102.23,1032.712,930.693,84.942,876.341,714.083,642.446,680.126,703.51,618.383,532.21,479.103,566.293,481.179
The Forum,1428.019,1428.019,1815.967,1950.712,138.132,2538.148,2257.907,3653.509,1268.871,1977.173,327.056,1650.321,1074.651,1215.479,2269.789,1644.814,177.152,48.803,32.756,67.335,85.087,915.196,1443.703,838.098,766.013,568.177,305.785,241.081,75.642,75.523,102.687,198.879,203.042,354.791,229.78,348.99,266.688,1000.44,1066.04,696.333,1000.44,1046.547,967.388,1011.237,278.64,852.929,1231.468,967.424,0.0,499.12,922.3,755.014,677.111,2340.465,644.889,1003.027,1245.107,891.001,767.057,771.576,776.32,1000.44,875.368,1185.026,1034.458,1096.001,1055.896,1055.896,1060.822,1049.384,1079.318,1079.5,707.382,629.801,795.252,769.215,897.738,901.669,828.254,850.507,788.254,547.526,387.371,437.074,771.625,1086.113,1329.599,1471.557,784.146,1428.205,1575.631,646.597,684.278,707.662,622.534,584.23,531.122,598.125,533.198
Oasia Resort Sentosa,1927.139,1927.139,1675.682,1863.241,637.253,1968.359,1821.602,3249.221,894.905,1572.884,826.176,1246.033,473.532,656.375,1995.884,1409.018,428.159,547.923,531.876,431.785,414.033,952.109,1054.107,465.187,393.102,1008.597,804.906,281.38,423.479,423.597,396.434,697.999,319.419,293.438,292.68,427.767,286.459,692.157,693.129,429.074,692.157,642.258,659.104,638.326,274.507,490.126,836.105,693.519,499.12,0.0,573.516,350.725,272.823,1936.177,370.984,630.116,849.744,603.377,373.877,442.915,403.409,692.157,575.226,625.921,433.339,494.882,454.777,454.777,459.703,448.265,478.199,478.381,314.202,355.896,527.993,495.311,597.596,528.758,435.074,351.635,415.343,273.621,134.568,142.611,398.714,713.202,934.236,1081.962,516.886,1038.609,1186.035,324.467,333.171,224.068,309.22,293.333,257.217,324.138,239.024
The Barracks Hotel Sentosa,2428.397,2428.397,2031.305,2225.941,1060.432,1883.422,1724.47,3152.089,797.774,1475.753,1249.356,1148.901,573.746,581.023,2437.209,1755.336,851.339,971.103,1033.135,854.965,837.213,1334.745,1590.854,1025.787,953.702,1517.388,1269.593,695.237,846.658,846.777,819.613,1199.257,719.258,716.618,706.538,852.586,709.638,1013.952,1233.46,850.604,1013.952,411.772,980.9,1198.926,697.686,259.64,1376.437,1134.844,922.3,559.497,0.0,187.511,163.047,1839.045,832.578,1016.539,1390.076,1078.691,934.477,959.265,964.01,1013.952,897.021,540.984,683.2,786.859,662.109,662.109,667.034,655.597,569.078,685.713,874.802,784.072,962.672,936.636,919.391,1023.116,886.286,752.985,975.944,714.947,575.894,552.719,959.315,1253.533,1474.567,1618.709,951.566,1575.357,1722.782,814.018,851.698,875.082,789.954,751.65,698.542,785.732,700.619
The Outpost Hotel Sentosa,2615.908,2615.908,1774.615,2056.16,869.806,2070.933,1911.982,3339.6,919.75,1663.264,1058.729,1336.412,761.257,768.534,2228.437,1603.462,660.712,780.476,764.429,664.338,646.586,1523.563,1377.66,792.324,720.239,1214.326,1041.488,490.593,656.032,656.15,628.987,1386.768,528.632,525.991,501.893,660.32,519.012,954.667,inf,inf,inf,inf,921.614,965.463,507.06,447.151,1163.242,991.879,731.673,350.725,187.511,0.0,102.903,2026.556,689.613,957.253,1176.881,845.227,701.013,725.802,730.546,954.667,1084.532,728.495,786.066,889.725,849.62,849.62,854.545,843.108,756.589,873.224,641.339,588.449,753.9,727.864,1106.902,855.895,762.211,678.772,742.48,506.174,367.121,343.947,725.851,1040.339,1261.373,1405.514,742.794,1362.162,1509.588,605.245,642.926,551.205,581.182,542.878,489.77,576.96,491.847
Village Hotel Sentosa,2081.79,2081.79,1698.102,1978.258,791.903,2046.469,1899.778,3315.136,930.499,1638.8,980.827,1311.948,736.793,744.07,2150.535,1468.662,582.81,702.574,686.527,586.436,568.684,1209.736,1304.18,714.422,642.337,1163.248,1144.585,412.691,578.129,578.248,551.085,852.65,450.73,448.089,423.991,582.418,441.11,881.186,946.786,563.93,881.186,574.819,868.403,912.252,429.158,422.687,1089.762,848.17,653.771,272.823,163.047,102.903,0.0,2002.093,545.904,883.773,1103.401,767.325,623.111,647.9,652.644,881.186,776.383,704.031,761.602,865.261,825.156,825.156,830.082,818.644,732.126,848.76,563.437,497.398,675.998,636.812,798.753,777.993,684.309,600.869,664.578,428.272,289.219,266.045,647.949,966.859,1187.893,1332.034,664.891,1288.682,1436.108,527.343,565.024,473.303,503.28,464.976,411.868,499.058,413.944
Hotel Michael,3773.768,3773.768,3557.62,3544.639,2457.209,3241.638,2877.801,4376.247,1920.782,399.998,2844.056,766.731,2029.934,2037.211,3735.463,3329.569,2170.037,2367.88,2351.832,2251.741,2233.989,2653.443,3067.293,2518.431,2446.346,2761.128,2588.292,1999.917,2243.435,2243.553,2216.39,2517.955,2037.956,2035.316,2011.218,2171.284,2028.336,2470.141,2709.898,2381.088,2470.141,1867.96,2437.088,2655.095,2016.384,1715.828,2852.875,2652.179,2319.077,2076.833,1846.346,2033.857,2009.393,0.0,2349.913,2472.727,2866.514,2534.86,2415.28,2363.608,2490.427,2470.141,2353.21,1997.172,2054.743,2158.402,2118.297,2118.297,2123.223,2111.785,2025.267,2141.901,2367.446,2314.556,2480.007,2453.971,2375.58,2479.304,2342.474,2209.173,2468.587,2232.282,2093.229,2070.054,2388.312,2729.971,2951.006,3095.147,2468.901,3051.795,3199.221,2331.353,2369.033,2277.313,2307.289,2268.985,2215.877,2303.067,2217.954
Mess Hall,2099.204,2099.204,1468.587,1768.872,809.317,2107.332,2132.727,3528.329,1143.691,1851.993,998.241,1525.141,664.104,804.932,1941.149,1281.576,600.224,719.988,703.941,603.85,586.098,1124.173,931.752,321.56,265.66,1180.662,976.97,449.925,595.544,595.662,568.499,870.064,487.964,465.503,461.226,599.832,458.524,491.946,554.005,425.52,491.946,921.367,458.894,499.202,446.572,769.235,719.768,516.471,671.185,437.517,838.606,629.833,551.931,2215.285,0.0,502.674,733.407,374.464,246.435,271.223,275.967,491.946,375.015,774.478,623.912,667.287,627.182,627.182,632.107,620.67,668.771,650.786,186.76,389.244,442.635,416.599,430.542,385.131,307.632,410.386,287.901,338.092,322.249,311.894,271.272,574.078,825.737,959.606,431.529,918.688,1063.68,125.975,163.656,187.04,101.912,116.592,293.792,380.982,131.96
The Coffee Bean & Tea Leaf,2466.012,2466.012,1286.791,1535.138,1221.51,1929.953,2156.919,3737.742,1399.074,2223.192,1338.753,1891.95,486.724,627.553,1707.414,1047.842,inf,inf,inf,inf,962.839,1578.247,689.347,168.33,253.532,1520.646,1321.512,780.101,972.284,972.403,933.897,1236.873,818.14,830.901,791.401,965.23,823.922,61.816,331.953,853.707,61.816,1045.247,59.143,277.15,796.568,867.809,487.157,1027.815,1047.926,682.414,1021.78,996.642,918.74,2582.094,494.532,0.0,500.796,156.914,259.706,346.921,235.377,61.816,119.517,597.099,446.532,489.907,449.802,449.802,454.728,443.29,491.392,473.406,307.772,787.175,953.979,927.943,97.147,101.358,186.9,398.881,214.773,750.285,652.424,677.293,232.738,352.026,561.949,717.201,942.873,673.849,821.275,407.867,346.279,453.147,392.62,466.588,531.558,706.581,481.956
Baristart Cafe,2678.423,2678.423,788.103,1036.449,1362.24,2319.916,2711.715,4203.23,1722.91,2431.212,1551.164,2104.36,880.511,1021.34,1208.726,549.153,1179.443,1272.911,1256.864,1183.069,1165.317,1723.328,189.668,382.235,467.436,1733.057,1533.923,1019.256,1174.762,1174.881,1147.718,1449.283,1057.295,1054.654,1030.556,1179.051,1083.126,485.982,156.615,1066.118,485.982,1500.586,452.929,211.418,1035.723,1322.157,13.639,1052.351,1224.108,936.484,1391.528,1209.052,1131.15,2794.504,733.687,488.568,0.0,385.407,534.543,559.332,447.788,485.982,513.304,990.886,840.319,883.694,843.589,843.589,848.515,837.077,885.179,867.193,533.403,999.586,1126.186,1087.258,490.934,404.243,606.766,850.74,428.678,917.312,891.579,901.045,550.986,136.543,73.381,217.522,1129.782,185.305,332.731,635.68,544.825,678.777,618.251,706.083,759.371,945.736,707.586
Gelatissimo,2353.987,2353.987,1129.765,1378.111,1037.804,2001.85,2355.493,3799.875,1398.474,2106.775,1253.024,1779.924,548.857,689.686,1550.388,890.815,855.007,948.474,932.427,858.633,840.881,1398.892,578.03,56.304,141.506,1435.445,1235.783,684.887,850.326,850.445,823.281,1124.847,722.926,720.286,696.188,854.614,713.306,154.327,236.96,741.681,154.327,1107.38,121.275,120.124,701.354,1024.017,330.131,915.789,899.672,612.047,1093.388,884.616,806.714,2470.068,397.909,156.914,343.77,0.0,210.107,236.821,123.351,154.327,181.65,659.232,508.665,552.04,572.954,572.954,516.86,566.442,553.525,535.539,207.472,675.149,841.954,815.917,159.28,55.556,282.33,526.015,102.747,592.875,555.8,566.677,226.549,257.033,416.033,538.931,830.847,516.823,664.249,311.243,218.894,352.847,292.32,369.965,436.344,611.367,369.974
LiHo Tea,2201.103,2201.103,1339.984,1588.33,911.216,1894.304,2202.609,3680.296,1245.59,1953.891,1100.14,1627.04,429.278,570.106,1760.607,1101.034,702.123,821.887,805.84,705.749,687.997,1226.072,743.657,167.208,91.462,1282.561,1078.869,532.003,697.442,697.561,670.397,971.963,570.042,567.402,543.304,701.73,560.422,257.12,389.349,588.797,257.12,1023.265,224.067,340.27,548.47,871.133,540.35,762.905,773.084,373.877,940.504,731.732,653.83,2317.184,284.695,322.133,553.989,210.107,0.0,24.788,92.784,257.12,140.189,539.652,389.085,457.536,392.355,392.355,397.281,385.843,433.945,488.894,59.675,522.265,689.07,663.033,162.559,inf,inf,inf,inf,439.991,404.326,413.793,49.404,409.422,626.253,771.511,677.963,727.042,874.468,185.421,108.43,205.049,144.523,218.491,312.242,482.881,233.858
Old Chang Kee,2225.891,2225.891,1364.772,1613.119,936.004,1897.294,2227.397,3705.083,1270.378,1978.68,1124.928,1651.828,355.765,496.594,1785.396,1125.823,726.911,846.675,830.628,730.537,712.785,1250.861,768.445,191.597,120.869,1307.349,1107.687,556.792,722.23,722.349,695.185,996.751,594.83,592.19,568.092,726.519,585.211,281.908,414.138,613.586,281.908,1048.054,248.856,365.058,573.259,895.922,565.138,787.693,797.872,398.665,965.293,756.52,678.618,2341.972,309.484,284.494,578.777,244.501,24.788,0.0,167.154,281.908,164.977,457.513,343.762,368.489,328.384,328.384,333.31,321.872,360.433,351.988,84.463,547.054,713.858,687.822,187.347,255.49,97.594,352.594,138.491,464.779,429.115,438.581,74.192,434.21,645.735,796.299,702.752,751.83,899.256,184.558,140.188,216.645,169.311,243.279,308.248,483.271,258.646
Good Old Days Food Court,2230.635,2230.635,1253.228,1501.575,940.749,1953.339,2232.142,3755.443,1275.123,1983.424,1129.672,1656.572,566.575,707.403,1673.852,1014.279,731.655,851.42,835.372,735.282,717.529,1255.605,644.673,166.018,93.933,1312.093,1112.432,561.536,726.975,727.093,699.93,1001.495,599.575,596.934,572.836,731.263,589.955,232.791,310.618,618.33,232.791,1052.798,199.739,243.587,578.003,900.666,441.028,792.438,802.617,403.409,970.037,761.265,683.362,2346.716,314.228,235.377,454.666,123.351,86.755,111.544,0.0,232.791,215.336,676.949,464.232,532.683,467.502,467.502,472.428,460.99,571.243,491.106,99.479,551.798,718.602,692.566,237.743,134.019,130.053,402.663,116.174,469.524,479.243,467.723,84.215,330.691,540.614,672.528,707.496,640.287,787.712,187.892,110.901,219.979,172.645,246.613,358.377,512.414,261.981
Mr.Coconut,2463.426,2463.426,1284.204,1532.551,1173.539,1937.13,2154.333,3735.156,1396.487,2220.605,1336.166,1889.363,484.138,624.966,1704.828,1045.255,963.036,1084.21,1068.163,968.072,950.32,1575.661,686.76,165.744,250.945,1518.059,1318.926,777.514,959.765,959.884,932.72,1234.286,815.554,828.315,788.815,962.644,821.336,0.0,329.366,851.121,0.0,1042.66,56.556,274.563,805.707,865.223,472.343,1025.228,1035.407,636.2,1019.193,994.055,916.153,2579.507,491.946,61.816,485.982,154.327,257.12,281.908,232.791,0.0,116.931,594.512,443.946,487.321,447.216,447.216,452.141,440.704,488.805,470.82,305.186,784.589,951.393,925.357,94.561,98.772,184.313,396.294,212.186,702.314,649.838,674.706,317.006,349.439,570.473,703.504,940.287,671.263,818.688,405.28,353.942,450.56,390.034,464.002,528.972,703.994,479.369
The Palawan @ Sentosa,2329.683,2329.683,1311.527,1559.873,1013.5,1820.02,2037.402,3618.225,1203.77,2082.472,1228.72,1755.62,367.207,508.036,1732.15,1072.578,830.703,924.171,908.124,834.329,816.577,1441.918,715.2,193.066,220.043,1411.141,1185.183,660.584,826.023,826.141,798.977,1100.543,698.623,695.982,671.884,830.311,689.003,116.931,356.689,717.378,116.931,925.73,inf,inf,inf,inf,511.893,891.486,875.368,502.457,1042.788,860.313,782.41,2445.764,375.015,119.517,525.532,181.65,140.189,164.977,215.336,116.931,0.0,477.582,327.015,370.39,330.285,330.285,335.21,323.773,371.875,353.889,188.255,650.846,817.65,791.614,22.37,126.094,67.383,279.364,242.284,592.97,532.907,542.373,113.221,376.762,596.839,741.937,806.544,698.585,846.011,288.35,237.011,333.63,273.103,347.071,452.637,587.064,362.439
+Twelve,2472.273,2472.273,1812.808,2037.455,1189.259,1342.438,1569.405,3150.228,735.773,1626.579,1560.356,1299.728,110.374,40.039,2209.732,1552.267,980.166,1099.93,1083.883,983.792,966.04,1517.178,1191.664,659.218,543.192,1654.404,1481.567,803.173,975.485,975.604,948.44,1243.133,841.213,838.572,814.474,979.773,831.593,594.512,834.27,967.561,594.512,564.451,592.767,779.467,819.641,387.014,977.247,1223.122,1051.127,568.722,625.629,728.495,704.031,1989.872,774.478,597.099,990.886,690.539,520.008,453.825,583.274,594.512,515.796,0.0,147.576,254.225,214.12,214.12,219.046,238.717,105.707,237.724,555.345,982.482,1147.933,1121.897,531.259,634.983,466.846,340.786,609.374,825.628,679.702,656.528,512.684,854.343,1075.377,1219.519,1136.827,1176.167,1323.593,619.986,604.101,497.609,672.566,746.534,811.504,986.527,761.902
Blu Kouzina Sentosa,2336.89,2336.89,1662.241,1886.888,1053.876,1489.533,1710.387,3291.21,876.755,1689.391,1259.267,1362.54,40.192,190.606,2059.165,1399.592,844.783,964.547,948.5,848.409,830.657,1381.796,1041.098,508.651,436.566,1418.348,1218.687,667.791,840.103,840.221,813.058,1107.75,705.83,703.189,679.091,844.391,703.083,443.946,683.704,832.179,443.946,627.263,442.2,628.901,684.258,449.826,826.68,1103.27,915.744,433.339,603.796,760.476,682.574,2052.684,623.912,446.532,840.319,508.665,369.441,344.653,432.707,443.946,327.015,150.567,0.0,103.659,63.554,63.554,68.479,57.042,44.86,87.158,404.779,765.647,998.72,972.683,380.692,484.416,316.279,190.219,458.807,690.245,544.319,521.145,362.117,703.776,924.811,1068.952,987.614,1025.6,1173.026,469.419,453.534,356.592,522.0,595.968,660.937,768.133,611.335
HydroDash,2398.433,2398.433,1705.616,1930.263,1115.419,1585.853,1814.046,3394.869,980.414,1793.05,1312.358,1466.198,143.851,284.679,2102.54,1442.967,906.326,1026.09,1010.043,909.952,892.2,1435.362,1084.473,528.798,456.713,1453.067,1287.102,729.334,901.645,901.764,874.6,1169.293,767.373,764.732,740.634,899.061,757.753,518.628,758.386,893.722,518.628,730.922,454.268,703.583,745.801,553.484,870.055,1262.413,977.287,494.882,707.455,822.019,744.117,2156.343,667.287,521.214,883.694,583.347,389.589,364.801,494.25,518.628,370.39,254.225,103.659,0.0,40.105,40.105,59.8,46.617,148.519,78.478,424.926,827.19,1058.909,1032.873,392.76,496.484,359.654,251.762,478.955,751.788,605.862,582.688,405.492,778.458,968.186,1112.327,1047.803,1068.975,1216.401,518.534,473.682,418.135,565.375,639.342,737.469,879.335,654.71
HyperDrive,2358.328,2358.328,1665.511,1890.158,1075.314,inf,inf,inf,inf,1752.945,1272.253,1426.094,103.746,244.574,2062.435,1404.97,866.221,985.985,969.938,869.847,852.095,1403.234,1044.368,488.693,416.608,1439.786,1246.997,689.229,861.54,861.659,834.495,1129.188,727.268,724.627,700.529,865.829,717.648,447.216,686.973,853.617,447.216,690.817,445.47,663.478,705.696,513.379,829.95,1155.925,937.182,454.777,667.349,781.914,704.012,2116.238,627.182,449.802,843.589,543.242,349.484,338.859,454.145,447.216,330.285,214.12,63.554,40.105,0.0,0.0,19.695,6.512,108.413,38.373,468.164,787.085,1020.157,994.121,352.655,487.686,319.549,211.657,438.85,711.683,565.757,542.583,365.387,707.046,928.081,1072.222,1009.051,1028.87,1176.296,478.428,433.577,378.03,463.182,599.237,664.207,839.23,614.605
HyperDrive Cafe,2358.328,2358.328,1665.511,1890.158,1075.314,1546.974,1773.941,3354.764,940.309,1752.945,1272.253,1426.094,103.746,244.574,2062.435,1404.97,866.221,985.985,969.938,869.847,852.095,1403.234,1044.368,488.693,416.608,1439.786,1246.997,689.229,861.54,861.659,834.495,1129.188,727.268,724.627,700.529,865.829,717.648,447.216,686.973,853.617,447.216,690.817,445.47,663.478,705.696,513.379,829.95,1155.925,937.182,454.777,667.349,781.914,704.012,2116.238,627.182,449.802,843.589,543.242,349.484,338.859,454.145,447.216,330.285,214.12,63.554,40.105,0.0,0.0,19.695,6.512,108.413,38.373,468.164,787.085,1020.157,994.121,352.655,487.686,319.549,211.657,438.85,711.683,565.757,542.583,365.387,707.046,928.081,1072.222,1009.051,1028.87,1176.296,478.428,433.577,378.03,463.182,599.237,664.207,839.23,614.605
Splash Tribe,2363.254,2363.254,1670.437,1895.084,1080.24,1551.9,1778.867,3359.689,945.234,1757.871,1277.179,1431.019,108.672,249.5,2067.361,1409.896,871.147,990.911,974.864,874.773,857.021,1400.183,1049.293,535.014,462.929,1444.712,1251.923,694.154,866.466,866.585,839.421,1134.114,732.194,729.553,705.455,870.754,722.573,452.141,723.206,858.542,452.141,695.743,450.396,668.403,710.622,518.305,834.876,1129.634,942.108,459.703,672.275,786.84,708.938,2121.163,632.107,454.728,848.515,548.168,395.805,371.016,459.071,452.141,344.975,219.046,68.479,59.8,19.695,19.695,0.0,13.183,113.339,18.678,463.539,792.01,1025.083,999.047,367.345,492.612,334.239,216.582,485.171,716.609,570.683,547.509,370.313,743.279,933.006,1077.148,1013.977,1033.796,1181.221,483.354,479.898,373.405,530.195,604.163,669.133,844.156,619.531
The Palawan Dog Run,2351.816,2351.816,1658.999,1883.646,1068.802,1540.462,1767.429,3348.252,933.797,1746.433,1265.741,1419.582,97.234,238.062,2055.923,1398.458,859.709,979.473,963.426,863.335,845.583,1396.721,1037.856,482.181,410.096,1433.274,1240.485,682.717,855.028,855.147,827.983,1122.676,720.756,718.115,694.017,859.317,711.136,440.704,680.461,847.105,440.704,684.305,438.958,656.966,699.184,506.867,823.438,1149.413,930.67,448.265,660.837,775.402,697.5,2109.726,620.67,443.29,837.077,536.73,342.972,332.347,447.633,440.704,323.773,207.608,57.042,46.617,6.512,6.512,13.183,0.0,101.902,31.861,433.91,780.573,1013.646,987.609,346.143,481.174,313.037,205.145,432.338,705.171,559.245,536.071,358.875,700.534,921.569,1065.71,1002.539,1022.358,1169.784,471.917,482.665,371.518,518.758,592.726,657.695,832.718,608.093
The Palawan Food Trucks,2381.75,2381.75,1707.101,1931.748,1098.736,1444.673,1665.527,3246.35,831.895,1654.674,1304.127,1327.822,4.668,145.746,2104.025,1444.452,889.643,1009.407,993.36,893.269,875.517,1426.656,1085.958,512.115,437.485,1463.208,1270.419,712.651,884.962,885.081,857.917,1152.61,750.69,748.049,723.951,889.251,747.943,488.805,728.563,877.039,488.805,592.546,487.06,673.761,729.118,415.108,871.54,1148.13,960.604,478.199,569.078,756.589,727.434,2017.967,668.771,491.392,885.179,584.832,372.906,348.118,477.567,488.805,371.875,105.707,44.86,148.519,108.413,108.413,113.339,101.902,0.0,132.018,449.638,810.507,inf,inf,inf,529.276,361.139,235.079,462.272,735.105,589.179,566.005,406.977,748.636,969.67,1113.812,1032.473,1070.46,1217.886,501.851,454.454,401.452,566.86,640.827,705.797,880.82,656.195
UltraGolf ,2381.932,2381.932,1689.115,1913.762,1098.918,1570.578,1797.545,3378.368,963.913,1776.549,1295.857,1449.698,127.35,268.178,2086.039,1426.466,889.825,1009.589,993.542,893.451,875.699,1418.861,1067.972,546.955,481.608,1459.632,1270.601,712.833,885.144,885.263,858.099,1152.792,750.872,748.231,724.133,882.56,741.252,470.82,741.885,877.221,470.82,714.421,447.532,687.082,729.3,536.983,853.554,1148.312,960.786,478.381,690.953,805.518,727.616,2139.842,650.786,473.406,867.193,566.846,373.088,348.3,477.749,470.82,363.653,237.724,87.158,98.586,38.373,38.373,18.678,31.861,132.018,0.0,464.026,810.689,1043.761,1017.725,386.023,489.747,352.917,235.261,503.849,735.287,589.361,566.187,388.991,761.957,951.685,1095.826,1032.655,1052.474,1199.9,564.12,512.781,401.634,548.874,622.841,720.969,862.834,638.209
Sentosa Sensoryscape,2141.428,2141.428,1333.765,1582.112,851.541,1919.346,2142.934,3570.553,1185.915,1894.217,1040.465,1567.365,477.344,618.172,1754.389,1094.816,642.448,762.212,746.165,646.074,628.322,1166.398,737.438,169.66,78.9,1222.886,1019.194,472.328,637.767,637.886,610.722,912.288,510.368,507.727,483.629,642.056,500.747,305.186,376.787,529.123,305.186,963.591,272.134,327.708,488.796,811.459,519.764,703.23,713.409,314.202,880.83,672.057,594.155,2257.509,186.76,315.914,547.77,203.888,59.675,84.463,99.322,305.186,188.255,501.471,437.152,505.602,440.422,440.422,445.347,433.91,482.012,464.026,0.0,462.591,629.395,603.359,210.625,218.14,120.873,375.872,101.141,380.316,344.652,354.118,84.512,396.86,608.385,765.292,618.289,720.824,868.249,100.094,55.725,145.374,84.848,158.816,336.016,423.206,174.183
Madame Tussauds Singapore,2025.488,2025.488,1195.183,1419.83,735.601,2265.624,2026.994,3454.613,1069.975,1778.277,924.525,1451.425,804.65,945.479,1592.107,1018.909,526.508,646.272,630.225,530.134,512.382,1050.458,1129.088,568.097,496.012,1106.946,903.254,356.389,521.827,521.946,494.783,796.348,394.428,391.787,367.689,526.116,384.808,873.147,796.039,75.549,873.147,847.651,697.387,741.236,372.856,695.519,939.015,248.304,597.469,323.564,764.89,556.117,478.215,2141.569,389.244,875.733,952.654,621.0,508.173,532.962,537.706,873.147,636.754,868.698,764.458,826.001,785.896,785.896,790.821,779.384,809.318,809.5,448.499,0.0,174.468,148.432,627.737,631.668,569.371,799.63,518.253,159.913,228.712,238.178,533.011,816.112,1203.253,1101.234,163.362,1046.883,884.624,356.327,394.008,448.778,363.651,293.96,240.852,361.926,274.315
Singapore Cable Car Sky Network,2189.903,2189.903,1098.478,1323.125,900.017,2423.166,2223.427,3619.028,1234.391,1942.692,1088.94,1615.84,1016.933,1109.894,1495.401,916.966,690.923,810.688,794.64,694.549,676.797,1302.138,1032.382,780.38,708.295,1271.361,1111.787,520.472,686.243,686.361,659.198,960.763,558.843,556.202,532.104,690.531,549.223,942.723,1008.322,111.593,942.723,1012.066,909.67,953.519,537.271,859.934,1138.977,inf,inf,inf,inf,720.533,642.63,2305.984,442.635,945.309,1125.338,833.283,689.07,713.858,718.602,942.723,817.65,1079.44,976.741,1038.284,998.179,998.179,1003.104,991.667,1021.601,1021.783,629.395,174.468,0.0,53.625,840.02,843.951,750.267,853.021,730.536,324.329,393.127,402.594,713.907,1028.395,1106.548,1004.528,11.106,950.177,787.918,568.61,606.291,629.675,544.547,458.375,405.267,492.457,407.344
Sentosa Nature Discovery,2163.867,2163.867,1059.55,1284.197,873.98,2447.558,2165.373,3592.992,1208.354,1916.656,1062.904,1589.804,990.897,1131.725,1456.474,878.039,664.887,784.651,768.604,668.513,650.761,1200.796,993.455,754.344,682.259,1245.325,1041.633,494.767,660.206,660.325,633.162,934.727,532.807,530.166,506.068,664.495,523.187,905.004,982.286,84.033,905.004,986.03,867.45,927.483,511.235,833.898,1100.049,127.46,735.848,461.943,903.269,760.304,616.594,2279.948,416.599,911.131,1086.41,807.247,663.033,687.822,692.566,905.004,791.614,1101.271,950.704,1012.247,972.142,972.142,977.068,965.63,995.564,995.746,603.359,148.432,53.625,0.0,813.984,817.914,724.231,826.985,704.5,299.328,367.091,376.557,687.871,1014.503,1067.62,965.6,42.519,911.249,748.99,542.574,580.255,603.638,518.511,432.339,379.231,500.305,381.307
Female Toilet @ Wings of Time,2352.053,2352.053,1289.157,1537.504,1035.87,1832.805,2059.772,3640.595,1226.14,2104.842,1224.794,1777.99,420.884,561.713,1709.78,1050.208,853.073,972.837,930.494,856.699,838.947,1464.288,692.83,170.696,255.898,1406.687,1207.553,682.954,848.392,848.511,821.347,1122.913,720.993,718.352,694.254,852.681,711.373,94.561,334.319,739.748,94.561,948.1,61.509,279.516,699.421,770.662,489.523,913.856,924.034,553.117,1065.158,882.682,804.78,2468.134,397.385,97.147,503.162,159.28,162.559,187.347,237.743,94.561,22.37,531.259,380.692,424.067,383.962,383.962,388.888,377.45,425.552,407.566,210.625,673.216,840.02,813.984,0.0,103.724,89.753,301.734,217.139,590.942,555.277,564.743,135.591,354.392,575.426,720.684,828.914,676.215,823.641,310.72,259.381,356.0,295.473,369.441,467.568,609.434,384.809
Male Toilet @ Wings of Time,2364.654,2364.654,1185.433,1433.779,1048.471,1936.53,2163.497,3744.319,1329.864,2117.443,1263.691,1790.591,493.301,634.13,1606.056,963.223,865.674,959.142,943.095,869.3,851.548,1401.583,576.878,66.972,227.952,1446.112,1220.154,694.145,860.994,861.112,833.949,1135.514,732.184,776.337,705.445,865.282,769.358,98.772,242.822,752.349,98.772,1051.824,65.72,175.792,721.954,874.386,385.799,926.457,910.339,622.715,1104.056,895.284,817.381,2480.736,408.576,101.358,399.438,55.556,220.774,245.563,134.019,98.772,126.094,603.676,453.109,496.484,456.379,456.379,461.305,449.867,497.969,479.983,218.14,685.817,852.621,826.585,103.724,0.0,281.972,405.458,113.415,627.941,566.468,587.276,218.234,262.895,472.818,604.732,841.515,572.491,719.917,344.461,244.92,363.514,329.214,403.182,445.602,620.625,418.55
Toilet @ Beach Station,2262.3,2262.3,1424.881,1649.528,972.414,1799.7,2026.667,3607.489,1193.034,inf,inf,inf,inf,497.3,1821.805,1162.232,763.32,883.085,867.038,766.947,749.194,1287.27,798.432,210.506,138.421,1343.758,1136.309,593.201,758.64,758.759,731.595,1033.161,631.24,628.599,604.501,762.928,621.62,184.313,424.071,649.995,184.313,914.994,151.261,369.268,609.668,737.556,567.048,824.103,834.282,435.074,1001.702,792.93,715.028,2378.382,345.893,186.9,580.687,249.033,72.806,97.594,130.053,184.313,67.383,466.846,316.279,369.418,319.549,319.549,349.883,313.037,361.139,368.561,130.351,583.463,750.267,724.231,89.753,193.477,0.0,254.999,160.662,501.189,465.524,474.991,45.838,444.144,665.178,826.286,739.161,765.968,913.394,246.619,169.628,266.247,205.72,279.688,373.439,544.079,295.056
Vehicle Stand @ Beach Station,2365.054,2365.054,1614.59,1839.237,972.172,1673.639,1900.606,3481.429,1066.974,1900.931,1264.091,1574.079,241.523,382.352,2011.514,1296.013,763.078,882.843,866.796,766.705,748.952,1409.96,942.793,362.952,290.867,1446.512,1143.855,695.955,758.398,758.517,731.353,1135.914,733.994,731.353,707.255,762.686,724.374,413.973,653.731,752.749,413.973,781.693,380.92,598.928,712.422,604.255,733.871,926.857,834.04,351.635,887.544,678.772,600.869,2264.223,410.386,416.559,747.51,415.856,223.743,198.954,287.009,413.973,279.364,351.898,201.331,262.874,222.769,222.769,227.694,216.257,246.191,246.373,259.08,686.217,853.021,826.985,319.412,423.136,296.549,0.0,313.108,628.341,568.278,577.744,291.8,673.803,826.506,970.648,841.915,927.295,1074.721,323.721,307.836,223.322,308.474,382.442,447.412,622.435,397.81
Toilet @ iFly Singapore,2242.569,2242.569,1232.624,1480.971,952.683,1980.287,2244.075,3782.39,1287.056,1995.358,1141.606,1668.506,531.373,672.201,1653.247,993.675,743.589,863.353,847.306,747.215,729.463,1267.539,636.297,49.844,38.759,1324.027,1124.365,573.47,738.909,739.027,711.864,1013.429,611.509,608.868,584.77,743.197,601.889,212.186,290.014,630.264,212.186,1064.732,179.134,222.983,589.937,912.6,415.039,804.372,814.55,415.343,981.971,773.198,695.296,2358.65,271.716,214.773,428.678,102.747,116.965,138.491,116.174,212.186,242.284,555.499,491.18,534.555,494.45,494.45,499.376,487.938,536.04,518.054,113.778,563.732,730.536,704.5,217.139,113.415,174.901,414.597,0.0,481.458,457.937,455.259,114.824,310.087,520.01,651.923,719.43,619.682,767.108,189.554,112.563,246.516,174.307,243.773,353.708,524.347,263.643
Toilet @ SensoryScape,1962.396,1962.396,1370.499,1589.909,672.509,2202.532,1963.902,3391.521,1006.883,1715.185,861.433,1388.333,741.558,882.387,1762.186,1137.211,463.416,583.18,567.133,467.042,449.29,987.366,1074.157,505.005,432.92,1068.708,840.162,293.297,458.736,458.854,431.691,733.256,331.336,328.695,304.597,463.024,321.716,651.163,732.947,219.409,651.163,784.559,634.295,678.144,309.764,632.427,875.923,418.382,534.377,260.472,701.798,493.025,415.123,2078.477,311.796,inf,inf,inf,inf,469.87,474.614,651.163,573.662,805.606,701.366,762.909,722.804,722.804,727.729,716.292,746.226,746.408,385.407,159.913,318.328,299.328,564.645,568.576,506.279,577.646,455.161,0.0,165.62,215.323,440.715,753.02,974.054,1102.011,307.222,1086.988,1054.702,293.235,330.916,385.687,300.559,230.868,177.76,264.95,179.837
Toilet @ Imbiah Station,1815.39,1815.39,1504.108,1751.492,525.503,2155.822,1837.998,3265.617,911.301,1589.281,714.427,1262.429,626.527,774.228,1901.031,1267.076,316.41,436.174,420.127,320.036,302.284,840.359,1093.888,469.34,397.255,896.848,693.156,146.29,311.729,311.848,284.684,586.25,184.33,212.903,157.591,316.018,174.709,643.81,701.367,328.965,643.81,658.655,610.758,708.132,162.758,506.523,848.846,598.667,387.371,134.568,575.894,367.121,289.219,1952.573,276.131,663.209,862.485,522.326,378.03,402.818,407.563,643.81,553.176,686.575,586.334,654.75,607.772,607.772,619.571,601.26,631.194,638.249,318.355,258.301,427.884,401.848,549.25,579.477,439.228,462.615,419.496,178.769,0.0,44.977,402.868,721.44,946.977,1121.742,415.388,1047.766,1195.192,257.571,295.251,318.635,233.507,195.203,142.095,249.555,144.172
Imbiah Station,1841.753,1841.753,1513.574,1738.221,551.866,2132.648,1814.824,3242.443,857.805,1566.106,740.79,1239.255,603.353,744.181,1910.498,1276.542,342.773,462.537,446.49,346.399,328.647,866.723,1084.412,478.807,406.722,923.211,719.519,172.654,338.092,338.211,311.048,612.613,210.693,239.266,183.954,342.381,201.073,653.277,727.018,343.688,653.277,635.481,628.366,672.215,189.121,483.348,869.994,608.133,413.734,111.394,552.719,343.947,266.045,1929.399,285.598,693.815,883.633,531.71,387.496,412.285,417.029,653.277,516.077,656.528,563.16,624.703,584.598,584.598,589.524,578.086,608.02,608.202,327.822,267.767,435.961,416.57,558.716,542.378,448.694,439.441,428.963,188.235,44.977,0.0,412.334,747.091,968.125,1112.266,424.855,1068.914,1216.34,267.037,304.718,328.102,242.974,224.939,171.831,238.752,153.638
Beach Station,2225.94,2225.94,1337.443,1585.79,936.054,1844.312,2227.447,3653.328,1284.096,1978.729,1124.977,1651.877,402.31,543.138,1758.067,1098.494,726.96,846.725,830.677,730.586,712.834,1250.91,741.116,164.668,92.583,1307.398,1103.707,556.841,722.28,722.398,695.235,996.8,594.88,592.239,568.141,726.568,585.26,230.152,396.194,613.635,230.152,960.832,197.1,341.391,573.308,895.971,525.813,787.743,797.922,398.714,965.342,756.57,678.667,2342.021,309.533,319.592,539.452,207.566,49.404,74.192,84.215,230.152,113.221,512.684,362.117,405.492,365.387,365.387,370.313,358.875,406.977,388.991,84.029,547.103,713.907,687.871,135.591,231.823,45.838,300.837,114.824,464.829,474.548,438.631,0.0,410.543,622.068,768.97,702.801,712.505,871.927,186.542,109.551,218.629,169.36,253.26,337.079,507.719,268.628
Toilet @ Ola Beach Club,2541.881,2541.881,924.645,1172.992,1225.697,2188.07,2575.172,4066.688,1618.153,2294.669,1440.917,1967.818,743.969,884.797,1345.269,702.436,1042.9,1136.368,1120.321,1020.23,1002.478,inf,inf,inf,inf,1596.514,1397.38,882.713,1011.924,1012.042,1011.175,1312.741,920.752,953.563,894.014,1042.508,946.584,349.439,20.073,929.575,349.439,1364.043,316.387,74.876,899.18,1185.615,122.904,1188.893,1087.565,799.941,1254.986,1072.51,994.608,2657.962,597.145,352.026,136.543,194.999,398.001,422.789,311.245,349.439,376.762,854.343,703.776,747.151,707.046,707.046,711.972,700.534,748.636,730.65,396.86,863.043,1029.848,1003.811,354.392,250.667,470.224,714.198,292.135,780.769,755.037,799.955,414.443,0.0,209.923,357.033,1018.741,321.848,469.273,526.199,408.282,542.235,481.708,569.541,622.828,809.193,571.044
Toilet @ Opp Siloso Beach Resort Station,2752.211,2752.211,769.313,1017.659,1462.324,2393.297,2753.717,4277.018,1796.698,2505.0,1624.951,2178.148,953.892,1094.72,1189.936,547.103,1263.163,1418.379,1356.948,1302.241,1284.489,1797.116,116.287,454.484,539.73,1806.844,1607.71,1083.111,1293.934,1294.053,1231.437,1523.071,1121.151,1128.442,1094.412,1262.771,1121.463,559.362,229.996,1139.906,559.362,1574.374,526.31,284.799,1109.511,1395.945,87.02,1032.712,1369.576,924.985,1465.316,1282.84,1204.938,2868.292,797.543,572.51,73.381,404.922,608.287,633.075,521.576,559.362,586.685,1064.266,913.7,957.075,916.97,916.97,921.895,910.458,958.559,940.573,617.593,1073.374,1107.396,1067.62,564.315,460.59,654.067,924.528,500.971,991.099,965.707,974.833,612.601,209.923,0.0,144.141,1110.992,156.371,351.245,710.877,632.477,756.157,695.631,769.599,833.158,1009.591,784.966
Toilet @ Siloso beach,2875.108,2875.108,667.293,915.639,1595.154,2516.602,2876.615,4399.916,1893.3,2632.288,1747.849,2301.046,1077.781,1218.609,1087.916,447.562,1386.061,1505.825,1489.778,1389.687,1371.935,1977.346,27.854,580.242,738.99,1903.446,1802.289,1203.738,1381.38,1381.499,1354.335,1645.969,1241.777,1241.408,1215.039,1385.668,1234.428,683.251,353.885,1038.358,683.251,1697.272,650.199,408.688,1222.476,1545.139,210.908,930.693,1457.022,1047.883,1588.214,1405.738,1327.836,2991.19,918.17,685.838,197.27,528.811,731.229,756.017,644.473,683.251,710.574,1188.155,1037.589,1080.963,1040.858,1040.858,1045.784,1034.346,1082.448,1064.462,733.681,1102.082,1004.528,965.6,688.204,584.479,792.427,1047.426,631.133,1123.929,1076.062,1087.799,728.688,333.812,178.479,0.0,1008.972,54.351,230.502,831.504,742.832,876.784,816.258,890.226,973.61,1142.761,905.593
Toilet @ Sentosa Cable Car Station,2178.797,2178.797,1109.584,1334.231,888.91,2412.06,2212.32,3607.922,1223.284,1931.586,1077.834,1604.734,1005.827,1098.788,1506.508,928.073,679.817,799.581,783.534,683.443,665.691,1291.032,1043.489,769.274,697.189,1260.255,1060.593,509.698,675.137,675.255,648.092,949.657,547.737,545.096,520.998,679.425,538.117,931.616,997.216,100.487,931.616,1000.96,898.564,942.413,526.165,848.828,1150.083,84.942,750.778,476.873,918.199,775.234,631.524,2294.878,431.529,1023.505,1136.444,822.177,677.963,702.752,707.496,931.616,806.544,1116.201,965.635,1027.177,987.072,987.072,991.998,980.56,1010.494,1010.676,618.289,163.362,11.106,42.519,828.914,832.845,739.161,841.915,719.43,365.282,381.69,inf,inf,inf,inf,1015.634,0.0,961.283,799.024,557.504,595.185,618.569,533.441,548.121,394.161,481.351,396.238
Skypark Sentosa by AJ Hackett,2853.0,2853.0,636.641,861.288,1536.817,2494.493,2886.292,4377.808,1897.487,2605.789,1725.741,2278.937,1055.672,1196.501,1033.565,373.992,1354.02,1447.488,1431.441,1360.131,1342.379,1897.906,82.205,555.288,643.335,1907.634,1708.5,1193.833,1351.824,1351.943,1324.78,1623.86,1231.872,1264.683,1205.133,1399.012,1257.703,670.713,331.776,984.855,670.713,1675.163,637.661,386.579,1210.3,1496.734,188.8,877.189,1398.685,1111.061,1566.105,1383.63,1305.727,2969.081,908.264,673.3,175.161,506.703,709.12,733.909,622.365,670.713,698.036,1166.047,1015.48,1058.855,1018.75,1018.75,1023.676,1012.238,1060.34,1042.354,709.301,1047.731,951.025,912.097,675.666,571.942,781.343,1025.317,601.761,1065.592,1066.156,1075.622,725.563,311.704,156.371,54.351,954.621,0.0,158.067,837.319,720.723,854.676,794.149,870.388,933.948,1120.313,883.485
Mega Adventure - Singapore,3014.206,3014.206,481.382,729.729,1726.804,2655.698,3015.712,4539.013,2058.693,2771.385,1886.946,2440.143,1212.53,1353.358,902.006,247.868,1560.609,1634.99,1618.943,1564.236,1546.483,2059.111,240.273,738.471,801.725,2068.839,1869.705,1345.106,1555.929,1556.047,1528.884,1785.066,1383.145,1380.505,1356.407,1524.765,1383.457,822.348,489.844,844.892,822.348,1836.368,789.296,544.647,1361.573,1657.94,346.867,737.227,1631.571,1186.979,1727.311,1544.835,1466.933,3130.287,1059.537,834.505,333.228,664.77,878.127,895.114,783.57,822.348,849.671,1322.904,1176.685,1220.06,1179.955,1179.955,1184.881,1173.443,1217.197,1203.559,870.507,907.768,811.062,772.134,827.301,719.367,939.325,1186.523,762.966,1253.094,1217.429,1236.828,867.785,469.771,317.576,212.419,814.658,158.067,0.0,970.601,881.929,1015.881,955.355,1029.323,1095.153,1281.518,1044.69
Sensoryscape: Symphony Streams,2080.643,2080.643,1457.559,1682.206,790.757,1930.126,2114.167,3509.768,1125.13,1833.432,979.68,1506.58,577.439,718.267,1854.483,1194.91,581.663,701.427,685.38,585.289,567.537,1105.613,825.305,239.397,167.312,1162.101,958.41,411.544,576.983,577.101,549.938,851.503,449.583,446.942,422.844,581.271,439.963,405.28,487.692,468.338,405.28,902.806,372.228,435.323,428.011,750.674,625.582,642.446,652.625,418.956,820.045,611.273,533.37,2196.724,125.975,407.867,639.221,292.301,159.769,184.558,187.892,405.28,288.35,687.813,537.246,580.621,540.516,540.516,545.442,534.004,582.106,564.12,100.094,401.806,568.61,542.574,310.72,323.321,220.967,323.721,189.554,319.532,312.648,293.333,187.952,507.765,708.48,853.159,557.504,809.396,968.344,0.0,72.488,100.374,24.063,98.031,163.001,347.789,113.399
Sensoryscape: Glow Garden,2118.324,2118.324,1345.187,1593.534,828.437,1939.564,2151.847,3547.449,1162.811,1871.113,1017.361,1544.261,496.336,637.165,1765.811,1106.238,619.344,739.108,723.061,622.97,605.218,1143.294,748.86,162.407,90.322,1199.782,996.09,449.224,614.663,inf,inf,inf,inf,484.623,460.525,618.952,477.643,353.942,388.209,506.019,353.942,940.487,320.89,339.13,465.692,788.355,545.553,680.126,690.305,456.637,857.726,648.953,571.051,2234.405,163.656,327.336,544.825,218.894,115.399,140.188,110.901,353.942,237.011,606.711,485.908,517.687,489.177,489.177,482.508,482.665,501.004,501.186,55.725,439.487,606.291,580.255,259.381,229.562,169.628,332.424,112.563,357.212,321.548,331.014,109.551,408.282,631.456,776.714,595.185,732.245,879.671,72.488,0.0,109.078,57.242,135.712,200.682,385.47,146.577
Sensoryscape: Palate Playground,2141.708,2141.708,1502.839,1727.486,851.821,1830.329,2143.214,3638.252,1186.195,1894.496,1040.745,1567.645,409.213,550.041,1899.763,1240.19,642.728,762.492,746.445,646.354,628.602,1166.677,870.585,296.359,199.4,1223.166,1019.474,497.006,638.047,638.166,611.002,912.568,535.045,508.007,508.307,642.335,501.027,450.56,527.886,529.403,450.56,963.871,417.508,469.499,489.076,811.739,670.862,703.51,713.689,224.068,881.11,672.337,594.435,2257.789,187.04,461.289,684.501,349.263,191.857,216.645,219.979,450.56,333.63,519.587,369.021,419.047,379.206,379.206,383.868,372.694,413.881,402.546,132.182,462.871,629.675,603.638,356.0,359.93,253.055,223.322,246.516,380.596,344.932,354.398,229.887,547.958,753.76,898.439,618.569,866.198,1013.624,100.374,109.657,0.0,85.128,159.095,336.296,423.486,174.463
Sensoryscape: Hyperzoom,2056.58,2056.58,1442.313,1666.96,766.693,1914.88,2090.103,3485.705,1101.067,1809.369,955.617,1482.517,472.386,613.215,1839.237,1179.664,553.842,677.364,661.317,561.226,543.474,1081.55,810.058,224.151,152.066,1138.038,934.346,387.48,552.919,553.038,525.875,827.44,425.52,422.879,398.781,557.208,415.9,390.034,467.359,444.275,390.034,878.743,356.982,417.642,403.948,726.611,604.612,618.383,628.561,394.893,795.982,587.209,509.307,2172.661,101.912,400.762,618.251,277.054,144.523,169.311,172.645,390.034,273.103,582.761,432.194,493.737,525.27,525.27,458.557,518.758,477.054,487.962,84.848,377.743,544.547,518.511,295.473,308.074,205.72,308.474,174.307,295.469,259.804,269.27,172.705,487.432,693.233,837.912,533.441,805.671,953.097,24.063,61.744,85.128,0.0,73.968,138.938,327.087,89.336
Sensoryscape: Scented Sphere,2018.276,2018.276,1516.281,1740.928,728.389,1989.582,2019.782,3447.401,1062.763,1771.064,917.313,1444.213,636.16,776.988,1913.204,1255.74,519.296,639.06,623.013,522.922,505.17,1043.245,883.488,298.119,237.716,1124.588,896.042,349.176,514.615,514.734,487.57,789.136,387.215,384.575,360.477,518.903,377.595,464.002,546.413,405.97,464.002,840.438,430.95,501.883,385.913,688.306,684.303,578.725,590.257,348.137,757.677,548.905,471.003,2134.357,116.592,478.314,697.942,351.022,218.491,243.279,246.613,464.002,347.071,746.534,595.968,639.342,599.237,599.237,604.163,592.726,640.827,622.841,158.816,339.439,504.89,478.853,369.441,384.476,279.688,433.938,248.275,257.164,221.5,230.966,246.673,566.486,782.434,911.342,inf,inf,inf,98.031,131.209,159.095,73.968,0.0,100.633,275.656,51.031
Sensoryscape: Tactile Trellis,2016.846,2016.846,1581.25,1805.897,726.96,2163.388,2050.37,3445.972,1061.334,1769.635,915.883,1442.784,701.13,841.958,1978.174,1318.601,517.867,637.631,621.584,521.493,503.741,1041.816,948.458,363.088,302.686,1098.305,894.613,269.772,513.186,513.305,486.141,787.707,307.811,386.423,281.073,517.474,379.444,528.972,613.817,404.541,528.972,839.009,495.919,559.014,286.239,686.877,749.273,577.296,588.828,355.16,756.248,547.476,469.574,2132.928,181.562,543.284,767.998,415.992,283.46,308.249,311.583,528.972,412.041,811.504,660.937,704.312,664.207,664.207,669.133,657.695,705.797,687.811,223.786,338.009,503.46,477.424,434.411,449.446,344.658,447.412,313.245,255.735,142.095,151.562,308.298,631.456,847.404,976.312,492.354,948.193,1095.619,232.28,196.179,224.065,138.938,100.633,0.0,196.252,49.602
Sensoryscape: Lookout Loop,2026.062,2026.062,1612.639,1846.267,736.175,2293.084,2059.585,3455.187,1070.549,1778.85,925.099,1451.999,760.05,900.878,2018.544,1475.998,527.082,646.846,630.799,530.708,512.956,1051.031,1092.649,523.497,451.412,1107.52,907.858,356.962,522.401,522.52,495.356,796.922,395.001,392.361,368.263,526.689,385.381,674.157,751.439,413.756,674.157,848.224,652.787,696.636,373.429,696.092,894.415,586.511,598.043,324.138,765.463,556.691,478.789,2142.143,330.288,676.744,908.054,576.4,432.187,456.975,461.719,674.157,560.767,870.424,719.858,781.401,741.296,741.296,746.221,734.784,764.718,764.9,372.512,347.224,512.675,486.639,583.137,587.068,493.384,596.138,473.653,264.95,229.285,238.752,457.024,771.512,976.361,1120.503,501.569,1077.151,1224.577,324.854,362.534,372.792,287.664,249.36,196.252,0.0,198.328
Sensoryscape: Upper Deck,1967.244,1967.244,1531.648,1756.295,677.358,2004.95,1968.751,3396.369,1011.732,1720.033,866.281,1393.182,651.528,792.356,1928.572,1268.999,468.264,588.029,571.982,471.891,454.138,992.214,898.856,313.486,253.083,1040.328,845.011,298.145,463.584,463.703,436.539,738.105,336.184,333.543,309.445,467.872,326.564,479.369,556.695,354.939,479.369,789.407,446.317,506.978,314.612,637.275,699.671,527.694,539.226,297.106,706.646,497.874,419.972,2083.326,131.96,493.682,713.31,397.014,233.858,258.646,261.981,479.369,362.439,761.902,611.335,654.71,614.605,614.605,619.531,608.093,656.195,638.209,174.183,288.407,453.858,427.822,384.809,397.41,295.056,397.81,263.643,206.133,170.468,179.935,262.041,576.767,782.569,927.248,442.752,883.485,1042.433,182.678,146.577,174.463,89.336,51.031,49.602,254.702,0.0
